enzyme_seq,substrate_smiles,temperature,ph,salt_conc,enzyme_conc,substrate_conc,v0
MKAILV,CCO,27.91394630094917,6.279601522496172,43.76658452833564,0.07364997840980464,337.4985819101564,6.0210473988989826
MKAILV,CCO,37.088356427614066,7.009457819154171,22.31709477973196,0.07647085780565654,397.0043767126955,2.248569751928353
MKAILV,CCO,29.544682061932914,7.87105699723241,83.17173465826276,0.07060353837590683,43.863928927733454,8.515584588382167
MKAILV,CCO,35.10495360013562,6.413213371058499,4.484840276705504,0.08677465634126001,477.4881652448366,2.4715209690599544
MKAILV,CCO,25.725242859538476,7.167831259586374,48.40679064066935,0.012515060898396296,235.29563837888662,2.4559882235944306
MKAILV,CCO,37.504586740961116,6.163013521600574,20.429074492443956,0.050815261585340325,485.0486364876039,1.1514494656705296
MKAILV,CCO,26.37589744142378,7.964336113435333,42.889828555160804,0.07815514621055737,287.75817329545225,2.347901693233428
MKAILV,CCO,28.524152740553586,6.711450773134365,67.17125690993848,0.08297638584102296,302.9240071178223,1.1037839404282326
MKAILV,CCO,34.074951013249056,6.638136584920356,40.71483993653578,0.040722096604172475,459.7733034709529,8.19660624662567
MKAILV,CCO,35.93307503768259,6.112892721469592,76.47768340625146,0.03846330765037265,281.19245266930676,8.300663270357287
MKAILV,CCO,30.87627384772702,6.930969915704091,52.65935742303738,0.01840547010673121,39.552537343486904,1.677512703349186
MKAILV,CCO,27.720796012902333,7.277836875910483,4.007799212324015,0.030837903453365578,308.2444227953419,7.970714413300059
MKAILV,CCO,32.22889585565909,6.649937068778721,62.85428107686734,0.013578675840778001,62.72966809666224,6.9959613857761305
MKAILV,CCO,39.539104063389765,6.159364409854096,78.1992203565587,0.02669541163952238,271.2096225863969,0.5717837456821963
MKAILV,CCO,37.11884963573053,6.207597187101076,55.07598784983959,0.054782647611708785,85.65286562550803,4.840424522768243
MKAILV,CCO,27.976032106107144,7.4320998258328235,49.37281760419603,0.05346369007016984,63.1009038315391,7.169900656778375
MKAILV,CCO,25.678070690505404,6.835649586412181,75.17024587005852,0.01233560813428345,299.55697042227644,5.900298283673422
MKAILV,CCO,29.66458239206839,7.371954506499023,16.325865229699687,0.09555982601783918,133.58511097370805,7.207155413617687
MKAILV,CCO,36.79525348822656,7.221033910289807,91.90535665407833,0.07048816886311476,257.76533737373035,5.051614094952884
MKAILV,CCO,31.23681587968913,6.2569157996219165,88.4852877317025,0.0630342235579321,298.7495210080578,2.6853974751996113
MKAILV,CCO,35.319172155765365,7.731984180689498,48.32803496206459,0.04905857545684375,242.7871715759456,5.442658242224834
MKAILV,CCO,34.169525117472794,6.103580958012346,21.134328350880025,0.035163703629796664,225.04355194362887,2.0775938629721376
MKAILV,CCO,33.57201379155659,7.632521406448625,23.129864557177125,0.03561039092837996,197.62662387479793,2.854720230365716
MKAILV,CCO,31.99451857189959,6.044004905797629,76.20402757377093,0.03431905656001312,44.0997640837477,5.779510963438871
MKAILV,CCO,35.00584067981394,7.525557316220698,12.959943843025389,0.08995497338395553,6.65069626790133,1.1825867017112142
MKAILV,CCO,38.60652047743672,6.453651881725961,71.19047591101368,0.04219467778488574,345.780768101606,4.421961465570927
MKAILV,CCO,32.66694383855029,6.907722078317201,78.52595720860135,0.06424360862124973,79.18202983418323,8.31233316853487
MKAILV,CCO,34.218243240535216,6.2672453310236635,72.2166730535038,0.01662635037214577,392.76158103474984,2.9190295759994944
MKAILV,CCO,27.653696744999845,6.139833095227547,98.423311974782,0.0923106105024904,360.85507785686974,0.13283430498362944
MKAILV,CCO,26.099354644401018,7.408371989530313,97.21128359361121,0.09245587469867167,448.49412346914386,0.8193329267743537
MKAILV,CCO,29.227557257320562,6.915683725788784,83.94966816758351,0.024770972697618382,376.81769618190015,4.261683404617612
MKAILV,CCO,29.494061281943306,7.18483429873346,30.371129764889538,0.08086178965611923,84.96571371053221,6.23658001407137
MKAILV,CCO,30.61131803032105,6.709379190884636,72.1375765159901,0.046681430257142026,111.17903720320074,1.6431144252675467
MKAILV,CCO,38.5585280021074,6.082138808855797,84.0358695461417,0.09802049930616939,5.405835277812887,7.99108204619614
MKAILV,CCO,30.29754225005099,6.970913028922905,56.25666302833384,0.04599535784586528,213.62949827736776,5.2672596700239245
MKAILV,CCO,33.49990669855653,6.320282013187966,5.027810523735599,0.06858562743840024,242.18887380051402,7.125698603711482
MKAILV,CCO,36.73746681154678,7.517151025770441,49.10829747289996,0.04427831851256186,361.72657526259076,0.18151993929694282
MKAILV,CCO,36.79289939908251,7.818978249230332,70.198828483383,0.0411943631131346,255.2744269456189,7.01202390206157
MKAILV,CCO,32.3086965512933,7.811735920305045,9.219991485415902,0.06762836861059358,432.9580018852449,8.598883325203154
MKAILV,CCO,34.13492038423899,7.973847808067415,54.60114898034993,0.040739455981532405,280.6701408980541,3.2034816687791987
MKAILV,CCO,26.73805031916588,6.644882875844889,84.38175457324503,0.04988726475431175,236.24649562074936,8.42873332755499
MKAILV,CCO,32.82971321436186,6.086397218275379,2.7571040379161804,0.02762565270406306,148.57929063027458,3.32987744577552
MKAILV,CCO,28.270636494431365,6.826746233995573,20.80073566267955,0.010173237107990505,441.4215528876087,7.9799609763406725
MKAILV,CCO,34.54261491623211,6.629232791559524,53.1025995000276,0.07490661848047912,226.82427088023402,4.051768480244522
MKAILV,CCO,29.37548175729666,7.04976061063699,79.74125980889343,0.07040936857980788,114.46971796026375,1.6808173178269628
MKAILV,CCO,28.325526009515254,6.725041748015087,45.80392785762288,0.07117289823107419,139.17714604749779,4.747927543579869
MKAILV,CCO,31.85786909271279,7.318194494883852,43.054517121025626,0.07852268508532292,323.86023884818246,6.982691150618795
MKAILV,CCO,36.26104066802349,7.84103575711232,8.859933109727368,0.04958278884497062,164.72186063021263,9.132023596230814
MKAILV,CCO,27.472892219088926,7.515665604868935,91.43707827424747,0.012325613287949259,91.48938352582744,6.051765003700008
MKAILV,CCO,33.23051468177659,7.512404888695993,14.69594062043118,0.01903843275159312,288.69479686328566,2.7747786398206022
MKAILV,CCO,27.1756714628487,6.426606566673326,51.35314497942368,0.09075126831118853,249.50989992122268,9.062358509304774
MKAILV,CCO,34.27175184762303,7.951636703008985,72.69994501694349,0.01857569011947485,29.610810269392392,7.396021677050713
MKAILV,CCO,36.70908753880567,6.513930613104767,92.62057615829936,0.08664883213674891,428.13935744601235,2.5645958341595887
MKAILV,CCO,38.78997814113216,7.888077167775894,58.18180601351446,0.06142119043189539,257.2452477056567,9.680206710919547
MKAILV,CCO,38.40858658532627,6.3714273947889355,57.05530636612058,0.08356315968165794,480.51010401348987,3.04826903146676
MKAILV,CCO,37.666509239811184,7.20760013630081,79.54447976908318,0.0785181933622786,388.30387375580204,8.889484062566158
MKAILV,CCO,36.301723433082635,7.258788389565197,46.93168232187476,0.08904029724917292,183.04358184466545,1.1045190011133212
MKAILV,CCO,29.5705903210352,6.928868879005731,76.69843676604157,0.08690822778201981,280.2042606521539,1.3540090106859848
MKAILV,CCO,26.969984255058254,6.672261882625106,60.24977482794153,0.07397184039952068,39.93987794607998,7.292280976878305
MKAILV,CCO,28.980687829704877,7.091206607819508,82.96237979020631,0.07685931227225642,460.1925298265677,0.47776727724614526
MKAILV,CCO,34.913024215445944,7.044677480711361,24.53095085042807,0.040291699165717704,331.2873621014583,4.888272277260838
MKAILV,CCO,26.011371862661175,7.627547932692204,43.89768173271298,0.04436248925346071,9.675638023102902,5.511629824486921
MKAILV,CCO,28.842657382161857,6.294911009960734,63.734760606322325,0.025297122441887653,456.7871588823881,5.786996539455876
MKAILV,CCO,29.45607996586542,6.607498886748515,45.330687684882406,0.05444489459940982,77.83330318536332,2.630956157041235
MKAILV,CCO,39.57311195883309,6.347992242491601,87.59800006863078,0.06372354636129214,296.84598489616025,2.2044438954567056
MKAILV,CCO,31.770044267014693,7.302033560550146,89.6722427453989,0.0873225692022571,57.248543588137416,0.12677278296439426
MKAILV,CCO,32.72702280915908,7.478642626363398,54.76505470694665,0.07829267343828594,270.5542537817546,1.4949905958336673
MKAILV,CCO,39.68412041235646,7.153242897571634,37.29481433273716,0.09252195893949287,210.70932429494187,1.2712411724103678
MKAILV,CCO,26.987467026060035,7.9197854614434275,81.21668558419837,0.09383140295390516,485.09000852040555,9.141666675829596
MKAILV,CCO,26.150746019158152,6.371249519253925,38.305377205881264,0.08069098778603653,26.950966800412818,9.673125619871671
MKAILV,CCO,28.872565807938678,6.3518159570789905,74.53482915729641,0.03959240455788829,436.9993321175531,2.4612555145213393
MKAILV,CCO,34.81705102069062,7.887359198067916,21.95384292039143,0.05275269005807919,150.0264516893425,8.07751324783462
MKAILV,CCO,36.304406505368526,7.785004133137125,13.554795948185006,0.03501395234199891,75.9350889453684,9.635796391849508
MKAILV,CCO,33.60781427979876,7.708828378497756,0.5071633017135868,0.05459633552158525,80.77163870020081,7.111120834142189
MKAILV,CCO,25.629571070929654,7.771908407906736,20.75979609833052,0.08091820516880538,54.351964163487864,7.355473675434058
MKAILV,CCO,27.03717249873382,7.787383394719441,89.33238878062099,0.07213513331253951,313.1457580853619,7.087733496818563
MKAILV,CCO,38.99455441855717,7.4724460549837,78.92434024849108,0.018569627161828653,339.76780863920544,7.662021362893958
MKAILV,CCO,32.934442352059136,6.383940458261615,93.14289198446379,0.018099621873413015,242.45937685503154,4.132363417277078
MKAILV,CCO,34.01927340203502,6.516581377537992,60.1294505491052,0.06927278469764071,88.51644081114638,0.8061596040065915
MKAILV,CCO,26.54827351946725,7.418602950549378,34.97322395236068,0.09620912195540753,367.0809211315997,9.32658964807854
MKAILV,CCO,32.2261047757111,6.146469494940465,80.29469580678908,0.05551944784989287,246.2640028492239,5.11743326846404
MKAILV,CCO,30.387081177241747,7.857469136082314,45.15618489504889,0.04814175149537225,227.62464908466762,8.38612360430203
MKAILV,CCO,35.92642649828471,7.52628462349811,73.19125366094235,0.044902281569570386,331.2446080690538,3.4009900760597045
MKAILV,CCO,39.04056778335066,7.766163086962317,71.83185523730566,0.025487575671893987,488.4995469627166,0.289621184493758
MKAILV,CCO,39.03075464159247,7.963824797922076,7.417698611577272,0.03405116004271629,344.80438949707343,2.5304584398674552
MKAILV,CCO,34.47543086437191,6.396340343053273,80.17728867419038,0.03341576892048031,264.8639627986106,9.330380739964152
MKAILV,CCO,25.852658788093393,6.749475819554883,7.625126688929573,0.06161038451822915,186.876585700236,2.8147292931988326
MKAILV,CCO,25.91523456373055,7.183783492912026,1.0402454671975647,0.06904537773107121,179.72350958808477,3.7345205643709023
MKAILV,CCO,28.08146536634437,6.242430195316729,36.402184730785116,0.04428127718897468,388.4569168128982,6.22627054726997
MKAILV,CCO,29.463230827195563,7.858476236100749,98.45076336594406,0.03006155759612943,180.35984521104353,2.322271282423953
MKAILV,CCO,35.46316454455631,6.457841123731459,9.93151073608648,0.045639813100642405,400.8363928317625,9.768239684458875
MKAILV,CCO,26.284834352166072,7.742586850070122,17.205102795411463,0.01963929820396542,248.61403442597313,1.2810427378890572
MKAILV,CCO,36.48063831429216,7.348831835837757,65.74766928952403,0.08499378596986087,283.2444494988916,8.020506535743898
MKAILV,CCO,30.77336413910903,7.389828154258674,33.0063239559593,0.03381308492930728,269.8379731014315,6.398375182908199
MKAILV,CCO,29.536292318106216,6.617007033975023,82.26467877640967,0.07852569059817692,329.00619188677047,2.224150644680196
MKAILV,CCO,28.034253976124116,6.4947313460164935,50.19624358962243,0.037156326959552705,330.6871245700521,1.3526660248282112
MKAILV,CCO,39.49801053643523,6.179038129182797,47.96653905748725,0.029513465967426423,315.0560610242642,6.635724763638415
MKAILV,CCO,32.62466324135658,6.812603858220717,16.793468209537277,0.0929391355360409,354.72711242622086,2.2530678954706507
MKAILV,CCO,26.878479113352693,7.141319697055584,11.31461960653154,0.09593513222231834,110.2666447048088,9.975549150484678
MKAILV,CCO,33.65074483328937,6.210879531558548,9.493053028729104,0.08419336787765945,130.97978448639392,2.0848747117766337
MKAILV,CCO,39.462894558994236,7.182244249550856,13.651049496080148,0.056347724070226875,398.0956086596389,0.4671768666715732
MKAILV,CCO,33.67353744323976,7.4898062688053155,53.541883452094105,0.05796715737541325,388.8869907062997,8.306606571367817
MKAILV,CCO,37.791126432930064,7.138914600922739,25.57423296613367,0.08466696739452641,495.0492063978404,5.632114640956113
MKAILV,CCO,32.10608818791681,6.12293354283368,54.533174945057894,0.05883946465219606,493.7300663869753,9.466663307770999
MKAILV,CCO,37.705736925601954,6.415092027300169,99.10000408819533,0.0959248363080832,117.62794529952704,5.837877148442458
MKAILV,CCO,39.69317183701082,6.110726350406951,71.34287533209638,0.09657651627069658,211.7148944445073,2.746558286687811
MKAILV,CCO,32.43977296551257,7.944669550155754,90.74743011530532,0.096043873435494,95.78598365882715,1.9348335646798813
MKAILV,CCO,39.730894898489325,7.639347981512254,11.994807566172128,0.021265120976529554,165.751038702175,7.9067126292578624
MKAILV,CCO,25.1447025972235,7.5637887256047796,49.10948162218486,0.029553060414639103,225.23706535436432,4.676466082742201
MKAILV,CCO,33.37427741975582,6.513499281534384,40.077717040365414,0.04359064992530439,253.32174383876153,2.089469583209234
MKAILV,CCO,25.131324374873863,6.137649540443876,66.05613954096566,0.09876052605188311,23.75533752558946,3.4428881273077145
MKAILV,CCO,31.138712540196224,7.6023873550440895,7.981342871978558,0.08566166514397118,280.5491329367657,8.95402868681312
MKAILV,CCO,26.383545339428487,7.58129959761859,64.10919951359057,0.014359366219199046,95.0387055509764,4.064705512245783
MKAILV,CCO,29.339980452220207,7.883481226085516,11.786156158022143,0.056912078668836207,121.99823613549299,8.687100344253423
MKAILV,CCO,39.52359761664062,7.578491304131161,6.305994459040198,0.06717543362384013,430.97095797451897,9.889283254107282
MKAILV,CCO,26.872752207581787,6.436045883875878,39.09613487581508,0.09729674050781772,495.08106772721584,1.5550390381993475
MKAILV,CCO,34.752502273218234,6.994507363604937,56.57126191617847,0.03998019531775657,338.3385775504246,8.023452621701628
MKAILV,CCO,35.674448096234336,6.592968199841984,97.0854847716866,0.0887114069834568,312.39474414644747,4.09985625249193
MKAILV,CCO,35.15041228569278,7.762748270735365,63.62188381857863,0.09951918525249459,348.0997750156277,2.079502319103
MKAILV,CCO,34.901841267251285,6.18478702878916,57.778263550227884,0.07686838423840708,72.10366193956584,0.8828046424660311
MKAILV,CCO,38.79448322552051,7.684567797907452,83.00350007208151,0.0590188130914764,306.8465939789133,7.883904803374672
MKAILV,CCO,34.63944633834411,6.325823350851797,72.88638129619393,0.06463187429869388,227.1184379505139,6.467271202550548
MKAILV,CCO,26.799973198305725,7.836422114121342,79.75311285075077,0.021258620922418155,180.56239009964304,4.089388088543924
MKAILV,CCO,30.25164367522662,6.55571715638907,22.38831799705402,0.04805048167281476,109.53387478765175,2.9544771987219787
MKAILV,CCO,29.350761398077665,7.025692316669111,87.74722945646484,0.03233453035537588,309.32990897708095,9.927988525768841
MKAILV,CCO,25.195064697710933,6.847484446913045,35.88248422871381,0.08168437759099889,46.56123745954193,9.21418810129617
MKAILV,CCO,37.90980129068928,6.428529311499011,63.89390699561381,0.06299029367241002,246.99039298455853,1.11619171843505
MKAILV,CCO,30.578723771451404,6.449506699904987,79.26591382676396,0.06542477370924783,238.23184919014938,5.454356649905038
MKAILV,CCO,38.692291161909104,7.716252499566834,36.26157081318446,0.011541521001734898,73.50074986572241,9.527768177160828
MKAILV,CCO,33.21416129572218,7.070606808552999,99.08775307049594,0.012817639139150384,400.5101095853485,1.372484293408207
MKAILV,CCO,35.68450665730239,7.967982094880858,34.60451465883349,0.017028120549086614,195.3154558155759,9.997380531743058
MKAILV,CCO,29.375342687531795,7.439948851988826,62.99371339526086,0.05815809616146716,482.4195470834948,2.241761338911737
MKAILV,CCO,38.54766239065981,7.412459773228332,79.22528332168724,0.05325203515033312,157.67853972870208,2.8259666016549017
MKAILV,CCO,38.7456727582287,7.689784588806739,1.680073258432646,0.06300775552388092,186.90794249296204,5.450623574489734
MKAILV,CCO,35.10261508828183,7.357931405613163,71.32711605012057,0.0772272785440469,320.82175817436615,4.114119962216119
MKAILV,CCO,28.614107940642093,6.610684523463125,91.94372450800473,0.07055751270502748,247.09296318907366,4.002827559649651
MKAILV,CCO,25.630625615768803,6.853822866555888,0.13936956275931722,0.050642494063532925,470.2775832284877,6.4711521436646615
MKAILV,CCO,31.02554849296945,7.659409275695687,6.657964389815751,0.012919966344470223,214.25044521617872,0.5881177387105334
MKAILV,CCO,25.22188567606441,7.973531835917995,44.26421907446768,0.08614158886932177,143.37667640888145,9.192771060904736
MKAILV,CCO,33.3009420060745,7.3262801472246855,47.436638965881315,0.04431488813233474,276.1923761441698,7.5244205052989885
MKAILV,CCO,36.885560871278706,6.705237830673897,25.895827736032796,0.06403186201253631,272.7985856039352,2.673795726610519
MKAILV,CCO,26.70679255002846,6.102675525128355,56.54330361322617,0.04143452420503552,29.604276024164527,5.951795921282168
MKAILV,CCO,32.04215178749916,6.6668885124555874,33.786849565189655,0.07958334578574408,168.49948169774774,6.2524531824065335
MKAILV,CCO,32.432352477450806,7.651731058705507,29.042576530501595,0.03775579542119397,212.533984396902,7.160269582745775
MKAILV,CCO,31.53098007394252,6.08393204327487,34.58662504646283,0.030143780539180907,428.7774880019294,5.064679349898788
MKAILV,CCO,32.13754790976553,6.141186715972493,37.29181573680385,0.07717693504011314,278.5637817842579,8.780093735104987
MKAILV,CCO,36.29532926906741,7.797399625706122,6.773428597879949,0.05076918640897169,32.35264061730682,9.11310980483772
MKAILV,CCO,39.197743195975896,7.331676032543055,67.74582194850343,0.060984786208574546,91.8185345954669,3.2793469935589337
MKAILV,CCO,39.44339001678146,7.328257786507906,14.867341071492945,0.03368754756917761,434.95683251145044,8.941336965128686
MKAILV,CCO,36.21277752894259,6.402070216952862,18.913513710264052,0.05104463231589707,77.15074826917666,6.36311290085647
MKAILV,CCO,39.108555433324135,6.008141259336215,92.09930660405726,0.04712028772391568,133.19099725445693,8.99799428816041
MKAILV,CCO,39.42926927159352,6.847078432865241,1.5975077499830848,0.028108702517005923,469.3035622308289,9.226070748077243
MKAILV,CCO,26.57820080755056,7.871413097151291,54.68132044396683,0.08933786126597579,242.36688520766626,2.8130644627596033
MKAILV,CCO,34.56883081885876,7.175694558972446,93.69821361010229,0.05163776174821155,225.50450400829337,4.32290582987599
MKAILV,CCO,25.262532482815832,6.610339518979811,21.973630665803324,0.030168386283953207,134.28990284518008,7.614574280796515
MKAILV,CCO,39.60857137063786,6.417434821648276,58.68008021762257,0.058156572796842505,18.64369417813632,0.15318958410996222
MKAILV,CCO,26.590169611124956,7.978958767258613,29.586134168192068,0.015539689350104555,336.93137497237996,3.368438603353444
MKAILV,CCO,31.034722420828054,6.468931539279365,92.2457051914684,0.015293741592792528,41.28569915042609,5.405409538293167
MKAILV,CCO,26.625788857969013,7.348016940665624,87.174625052129,0.04830354092191996,288.19739988077504,5.798137599885447
MKAILV,CCO,32.57838122624185,6.564037980333132,20.078390248877508,0.08265711994293982,3.6079599967953793,3.346678493522205
MKAILV,CCO,27.903329873936773,6.281502264608928,25.421403596201507,0.06377209468361159,144.2408299500151,1.54805112061187
MKAILV,CCO,38.632833467095566,7.966088314011213,79.02549259808958,0.05015179300693146,251.13735162831003,4.909048763035061
MKAILV,CCO,25.837512304415828,7.2649694357212296,62.27611139789783,0.07858789412339669,40.55854476337858,5.7511582616356005
MKAILV,CCO,28.03505819493637,7.564495709443456,23.337926590992442,0.09796499503325258,51.49736620849616,2.441852868810494
MKAILV,CCO,33.59667482558261,7.661604077164153,62.52928781665702,0.031089173115611827,181.5056508566659,0.6364846476350875
MKAILV,CCO,39.342370767977954,6.974100786745608,31.251470614257816,0.08833798230435388,430.400055342798,6.440979110315636
MKAILV,CCO,35.27905266585932,7.3003305414448505,16.29593249149799,0.05331612633759382,96.08259589092218,8.019823744319417
MKAILV,CCO,30.20155127186523,7.271139480100566,19.63405218515325,0.022414917077489792,35.59370084134635,9.327642391771477
MKAILV,CCO,32.92223814622711,6.616389817728967,88.709296202259,0.027857147912790058,197.81726444160714,9.17043936141482
MKAILV,CCO,28.728979515670858,6.971162255986241,65.72315052674938,0.09974096475402168,67.41779739816874,4.804784433588829
MKAILV,CCO,29.208329458030317,6.8491471073662895,90.16592015012962,0.020830175838027466,78.55042295130488,5.344826142579611
MKAILV,CCO,38.92592686460986,6.506068330779045,41.49410164695816,0.0877673835996038,171.68613602170254,0.21360298025670074
MKAILV,CCO,25.313609237237976,7.815276223967658,18.98156367563003,0.020005414988558394,60.76547337818354,2.585408400417772
MKAILV,CCO,38.30002968232548,7.512523852085277,31.474182081752488,0.05853012839499282,99.66950856470224,6.771111900301002
MKAILV,CCO,35.70764219908369,6.4889127403104965,31.530653573194,0.09138548428762254,278.91004675238474,5.7038915795737335
MKAILV,CCO,26.80490559195371,6.568888518912517,64.98670304779536,0.09745530821667364,119.32927513709622,6.448077123500594
MKAILV,CCO,28.0991998734042,7.079028578730308,65.20859476101819,0.06477487911201782,472.14949201369933,3.7941479014643726
MKAILV,CCO,34.349550047936205,6.3668661081208455,63.711682895669874,0.08479988091270693,259.4797979924458,9.847875489014559
MKAILV,CCO,33.70847188245821,7.165367684713685,51.51205769929599,0.022551621052853205,105.787270997393,5.518075949176761
MKAILV,CCO,37.0723866100134,6.222088754429926,36.800123349898975,0.011050308756757226,83.71165596672591,3.718747131793747
MKAILV,CCO,34.77982696292592,6.441856188902193,89.71398512309719,0.08717077734125449,22.424913952829893,5.771077632912694
MKAILV,CCO,35.48815886849999,6.722826194677921,84.85286689870476,0.02139368355637565,46.49266745623603,1.1910361006968369
MKAILV,CCO,28.70702341813214,6.06731447849895,77.05726808605594,0.09286038186924453,399.8999248469487,2.61256055922825
MKAILV,CCO,28.991463870694044,6.801022806837712,52.36216192294769,0.06502415056350457,21.318628150590865,4.322763944295992
MKAILV,CCO,28.608160682317916,6.828464046670968,30.846181130745077,0.09079323413762712,328.97805863269764,3.2440394968253097
MKAILV,CCO,26.71046532618292,6.993982652347851,59.09591956838833,0.042616734209787566,267.9030810826427,5.259249659868497
MKAILV,CCO,32.63756958810297,6.994484854690471,52.35587622885619,0.05421120613640761,79.39914924324444,5.524062872631574
MKAILV,CCO,37.90088478040363,6.104539833796389,63.34626944509323,0.07233965224276186,220.37352590921478,3.5924532034690637
MKAILV,CCO,36.35837894229702,7.414899993005221,54.22718480421995,0.08842201401150125,84.92584045837296,3.4097133159066106
MKAILV,CCO,39.39880482248745,7.94638193270872,13.747759835603524,0.062367523566297184,104.44723230033468,0.5656206319120367
MKAILV,CCO,32.94005205038586,7.413296347028453,99.77695693507054,0.0639057067640788,306.5441880207452,7.622040850605393
MKAILV,CCO,27.44750516704321,7.659305215312671,98.56674891398963,0.06265266881227276,264.3736521285769,3.608002404589533
MKAILV,CCO,39.51860269804457,7.889614804481305,15.271983649700205,0.047977255364582756,27.983772943846645,0.6913408904378795
MKAILV,CCO,30.894893042262453,6.085824077039886,85.04607637662471,0.024562078000060696,30.03807581499664,5.605822498439811
MKAILV,CCO,32.6828974743949,7.1662128149881825,35.344435447010646,0.07646243806534922,343.89864623461784,1.4813014374259794
MKAILV,CCO,30.762573869417775,7.991225419266412,90.92719225619679,0.0455954388345215,129.3462177497211,2.7722716814864907
MKAILV,CCO,30.033148979782744,7.58585652771657,69.5643598143926,0.08236262589323327,308.4382122327213,0.6622222320991186
MKAILV,CCO,30.480229974024766,6.779740701579232,57.463773969494,0.07682741894859978,9.108291718175044,7.3459307394287885
MKAILV,CCO,32.91250934583342,7.9031425886870466,0.19660053458727678,0.029155179706368207,126.74552996601685,0.17443520147898953
MKAILV,CCO,33.68038156078617,7.463878282192818,29.996585986683677,0.09588902406409307,455.3804328514107,5.568395466478318
MKAILV,CCO,32.43154225770592,7.375617615201881,67.84367545334644,0.015226188345846004,141.55614329385625,2.1240088903822807
MKAILV,CCO,28.99579275293235,6.4571804359534735,60.48673360156687,0.06299686584610988,407.2006432065013,0.5891427044335424
MKAILV,CCO,36.60454279834333,6.355196129559714,9.821762927952825,0.033108150368982577,205.8639153260083,2.0810259410204157
MKAILV,CCO,33.877351997400055,6.108206602865263,43.01389269184973,0.06583978747504884,268.5760145877518,6.055868913041359
MKAILV,CCO,34.97147980939057,7.08882598339093,79.17866630569605,0.03126394348864993,340.7381343401773,1.416724870146088
MKAILV,CCO,26.347488659940574,7.179952951858275,65.13334135100901,0.06133126153689968,106.62796564172497,3.670609945460615
MKAILV,CCO,36.544350918354326,7.452476173408084,98.47503770210504,0.024903946966339997,135.12117623925545,9.171504470328474
MKAILV,CCO,35.69066090821846,6.823639759924781,48.48796489681646,0.0694430435007006,375.49845982297484,0.9354812421839281
MKAILV,CCO,29.924818365161716,6.013881339923835,17.280049563206212,0.055820826454175625,418.15961508258926,9.398361536583343
MKAILV,CCO,26.26218785748344,6.751043052127734,37.798182302260464,0.08774704992745293,208.25273290480487,0.45017480911869406
MKAILV,CCO,36.69668608936746,7.0435130656416085,55.08498984291376,0.019558130210378086,176.69353554794552,5.952010330099787
MKAILV,CCO,33.333831944170385,6.0770569597478294,51.228703974019126,0.03670001825905085,261.54427028369304,6.2960783791716475
MKAILV,CCO,39.051720922679735,6.919552465445949,13.999358105515414,0.08842608208134817,135.44524733391435,1.5087899627794812
MKAILV,CCO,39.92065457303804,6.403732139284472,8.388187662319668,0.09584393555177449,383.0991428676799,2.753925321350303
MKAILV,CCO,30.38750669639047,7.0903347478905525,30.4178933290002,0.03876115066893541,152.13728772298717,4.822751658796866
MKAILV,CCO,26.24925462797492,6.635968783139937,99.3370695907697,0.07933157088660266,349.99305924049554,1.0200683927022316
MKAILV,CCO,38.07502388269871,7.626052704990002,59.67231004757267,0.09208291572190717,240.88839811909787,0.6646459929333598
MKAILV,CCO,32.506839595339045,6.641373901118649,72.71342108744024,0.026378215042709492,175.70707646522158,5.759182633374338
MKAILV,CCO,28.316467767881424,7.2870143450317695,49.34381257335865,0.07895597124435848,188.58263552992196,6.64165876048745
MKAILV,CCO,35.35028432602425,7.391424415870909,23.995429632824973,0.061994324722716695,478.04555819653075,5.687107214239928
MKAILV,CCO,31.7044164036584,6.967180202930119,53.96420700885718,0.06995806636567306,107.46006719124719,0.577012410078517
MKAILV,CCO,36.17760618009236,6.260339087484057,14.036846215806609,0.07513820452035463,236.7430937543905,6.051222429535624
MKAILV,CCO,30.667499843294827,7.516554953873163,95.71396317009034,0.03154543977089498,62.42477612196305,2.1475935730255253
MKAILV,CCO,30.92896305010238,6.077788166060018,19.283089084535952,0.07679147728544666,172.33303876177553,3.9417712467388193
MKAILV,CCO,26.735613985784894,6.642042591692341,83.9938066161435,0.029938206886276207,21.47182493567274,5.412638915096789
MKAILV,CCO,35.379676345757474,7.907418349379019,17.179275598295174,0.07775158227096005,478.4091259244047,1.1530121809316523
MKAILV,CCO,29.32138823936733,7.644166532546623,84.29254055952953,0.083304535940113,369.7981117209842,6.0248955330698495
MKAILV,CCO,33.568645567900255,6.0125756803393084,18.723060218942422,0.049337909325989165,436.30820140100417,5.0341579187309975
MKAILV,CCO,28.437471505080214,7.070052295285024,69.7949849836233,0.07337956788511035,434.07049924499614,1.0892249236082734
MKAILV,CCO,27.37549697434783,6.574729327353779,89.73710506229779,0.04717637505459343,206.89563776469436,4.381629902666602
MKAILV,CCO,33.409408732397,6.27354017212098,28.884439181113198,0.09172822241160565,180.0182018592858,2.4875944859231827
MKAILV,CCO,36.17528313731266,7.689216833557352,48.22807851926719,0.05441841914444273,455.3948313329042,5.4360169495023785
MKAILV,CCO,29.039495513318467,6.365496583346715,70.21685365659191,0.03912621318494166,303.8255827312689,4.116277512017547
MKAILV,CCO,26.89207494050088,6.897094020347599,41.3870130307286,0.059463837662058774,94.70024117787008,7.711289267576809
MKAILV,CCO,30.59551898712419,6.0470295253750885,45.11244888270986,0.09802676451681205,33.37510734246975,2.701188019529688
MKAILV,CCO,26.201532458190936,6.833742341947366,61.569537006990785,0.025616463574997805,309.8120721671884,5.8396932055698185
MKAILV,CCO,38.10420143403027,6.401338102573629,6.42223706694528,0.013253272564918104,26.22416362013053,6.90016704991559
MKAILV,CCO,34.09621983154638,6.603156823538836,95.49692513774463,0.020378377554949957,98.8792237870227,5.865924549377678
MKAILV,CCO,25.26781206042413,7.546443803402822,71.88633314326987,0.07675196321164186,20.9314024748717,8.939728675082733
MKAILV,CCO,35.76350349285803,7.391037189519925,87.4088913306315,0.060854812702339015,5.838955919464545,0.4667080800006756
MKAILV,CCO,34.445373472819306,7.2770384608724274,67.24283637099316,0.07226930740089632,439.2904990684789,3.120005161941707
MKAILV,CCO,30.588592548364637,6.492469818811849,4.409333114607284,0.07485580917624274,24.76812751083022,0.7576884676172602
MKAILV,CCO,31.728253067281145,7.032469673857682,40.693213562637844,0.05704802790156496,236.65440085701903,8.662585671804772
MKAILV,CCO,35.85469504320057,6.382016775548816,68.13081991355652,0.0405337439075318,425.44122754047083,2.6032585632076692
MKAILV,CCO,35.13939338622993,6.822939456650953,29.467146288777702,0.023441909382608594,121.36950852052641,4.8564122191333965
MKAILV,CCO,32.5640922620935,6.822218741103956,51.70053986389773,0.08870764832812784,190.07201413554097,3.8269135778342416
MKAILV,CCO,27.723348897306913,6.40796634239115,2.903472053777867,0.08432071829173636,356.08184789317914,0.33418535454882164
MKAILV,CCO,29.268059712876568,6.628737131848355,23.59805936154643,0.013450565740379814,377.53827852810923,1.0197600818817567
MKAILV,CCO,28.743797365281022,6.027493658664401,45.40908323375976,0.08796913414015427,35.00554467057632,3.5892846842199813
MKAILV,CCO,34.493179423652926,7.824015342884361,81.09675597985813,0.021824667336477713,428.4402799470519,7.3587174175286
MKAILV,CCO,35.83432335144357,6.922960537397977,6.391077227752273,0.06031959724117512,350.37293714055556,1.5879777257175907
MKAILV,CCO,36.823880299955555,7.677862576448425,69.74681317919269,0.06785167919735342,327.20392975336944,7.3549570838706035
MKAILV,CCO,33.954979931469296,6.668963421329035,20.29579374497723,0.03471161691261351,480.28327670957407,8.79204196246668
MKAILV,CCO,26.294594831187784,7.6467630251169885,67.97173476949322,0.038318127968978495,54.321035395678855,3.2797688246279497
MKAILV,CCO,27.7530459173338,6.59516356860945,57.917820254374085,0.028785186181845546,451.65587912526183,4.534325987642401
MKAILV,CCO,26.79395490421091,7.977879785908431,59.198541627393666,0.06066434435753294,352.38201675607314,8.276968685040648
MKAILV,CCO,26.117016328157383,6.243450061780667,13.318836822700952,0.04207406759015252,265.014201975469,7.03381692810149
MKAILV,CCO,34.20242017011886,7.996649738943698,47.238299978549435,0.011339328929991054,209.6036094465614,6.674719677719529
MKAILV,CCO,36.66408569935187,6.3191144004953514,23.424965153194666,0.07310562334497661,191.49051815840707,0.27688491678763166
MKAILV,CCO,36.53898685208415,6.892326927305823,6.510502678529861,0.02798272113301848,466.353435898685,3.314752233267032
MKAILV,CCO,35.53276560746978,6.644271047265132,49.085518823143914,0.017312061303640096,481.6536421217901,3.9740408705995423
MKAILV,CCO,28.401897952993753,6.180314810913413,34.98488667366932,0.07203995493536235,20.015441190664287,8.402939349216878
MKAILV,CCO,35.16754660149639,6.060769691764112,68.59333612388242,0.08146096545032074,385.33733489689934,0.23844095769682222
MKAILV,CCO,25.898585885589366,7.488473077521649,97.28380139003555,0.08506040725608066,168.855518727594,9.217602868133858
MKAILV,CCO,39.77112774474154,7.064474088710222,27.307188207130395,0.08973843931119244,338.0488289246909,9.193031704069993
MKAILV,CCO,32.05202200111077,6.999236127387334,52.697210744602515,0.07148657182006757,187.32129731969277,8.35406417886942
MKAILV,CCO,31.231354586931733,6.876977066789385,98.72394212383034,0.09019973720402344,210.80447244652214,2.092025622743656
MKAILV,CCO,31.741926751098827,6.005298801580833,36.374713642570974,0.0668874436867567,245.59158405234007,5.597196344334728
MKAILV,CCO,34.04583284946028,6.981740214244231,19.782093947463874,0.032157046289490475,451.5477540058354,1.6903366961133017
MKAILV,CCO,26.019231793696353,6.319209654947191,75.19393968868529,0.05839932540973438,458.15249000827265,5.297349954972648
MKAILV,CCO,29.49738097224124,6.122389469560693,2.5842308330886077,0.07779718050476761,458.95122114938886,6.018429181943381
MKAILV,CCO,35.71587434883979,6.993197172432666,5.497344162278939,0.018638013768505362,54.47054498808356,3.3505922946087168
MKAILV,CCO,27.09587981973786,6.343665585775077,78.41096308119675,0.02565279917445896,175.27978485081255,1.5348336628128498
MKAILV,CCO,26.071679860068425,7.577509859076472,24.386064835675324,0.05639019483706606,340.0448335243595,7.310742415524223
MKAILV,CCO,27.506011768032277,7.144568970665304,44.02118430161903,0.0948958526751609,117.66364534395055,7.6844396896047575
MKAILV,CCO,27.003341394615127,6.386493282882087,79.11187722174586,0.05573981630068565,219.9428160138812,0.5175553175758324
MKAILV,CCO,25.696586609726683,7.832943424581066,81.24311351581842,0.02347971147656054,379.69184513666835,6.507957967668863
MKAILV,CCO,30.936994544580866,7.810758728338671,84.48424761267145,0.07599200185549917,210.50580902799558,8.510520898242005
MKAILV,CCO,37.336216929585255,6.995534829120665,88.1192135349517,0.030682756840984808,150.8019361335947,2.739556392158111
MKAILV,CCO,33.45294367840853,7.2935957067245525,51.33010025907434,0.06580495538326511,398.6874949495815,7.267051291253553
MKAILV,CCO,35.67984573120883,7.900198677485162,31.213276003934986,0.08694523610566436,222.90652877743113,0.6094291295662817
MKAILV,CCO,33.84940127732881,7.551789842629905,95.44788190503584,0.08534887197373599,454.6967446286685,7.610087855987799
MKAILV,CCO,35.2029347838282,6.816205575099384,72.95420886025362,0.05611088533652123,150.73710863275545,3.5279568703749917
MKAILV,CCO,36.09315837829085,6.9202947334905485,91.12386408679185,0.06604380288241594,77.7552292474514,9.342573561271676
MKAILV,CCO,31.696874951945432,6.696388258802864,80.80004702710306,0.01626357728527315,391.16185751069594,4.424458838125291
MKAILV,CCO,34.33490613506854,7.745911693524804,53.95401308508953,0.039497650438595766,37.35257404118945,0.28370551248989206
MKAILV,CCO,30.065452369580335,7.221411732953956,58.61652266798566,0.03902747034023556,263.14816731281707,1.3974937348188539
MKAILV,CCO,25.35498879772346,6.350584370273656,72.75478008726398,0.09206150270471006,399.44432540496746,4.519419050624181
MKAILV,CCO,39.37328603474304,7.4385853279944225,56.26283058795401,0.015477811961756032,307.867492168615,5.151921734947315
MKAILV,CCO,25.50083556760352,6.430680698823014,14.729629913518727,0.017413801738448156,322.79292508656033,8.639525577999583
MKAILV,CCO,33.16931904879898,7.063141310064057,86.71987098193105,0.038819554667981516,189.91382642820707,3.122790507903291
MKAILV,CCO,25.252936620245514,7.363663380747155,55.85557283462646,0.014490050339713137,476.8545594922311,5.330427269236946
MKAILV,CCO,33.19364473900991,7.248559125966129,21.395288245255305,0.05543002556258879,224.25965445123074,0.7006294958262195
MKAILV,CCO,37.244879246623846,7.761256883398188,89.62046595275332,0.05515408297537947,372.38556884183373,1.6347945102421895
MKAILV,CCO,34.56190514114475,6.604924702889879,88.97553274432414,0.03337753863276925,381.631398628122,3.4734153114967614
MKAILV,CCO,26.36461075652933,6.071527257953042,39.2889491735165,0.042607122925107245,428.24906075252255,1.024854152038926
MKAILV,CCO,30.59427225335968,7.356664916155107,7.045398249758728,0.07739850007930468,13.326474021907844,3.634439106606012
MKAILV,CCO,33.51243024152007,7.594855055013112,82.23625056238662,0.030716200392766027,271.9654213946058,4.4004851884877105
MKAILV,CCO,38.984294587816485,7.876265832812292,9.362521522976541,0.07713440377218055,105.26369399776819,2.29237306370337
MKAILV,CCO,36.42857107215042,7.201849709260655,2.1330957828347374,0.06298972844026757,423.1735872303426,1.9671466481570838
MKAILV,CCO,31.256847823220184,6.681655115830422,2.810812027891807,0.06101617994170115,162.27712673453755,0.2790650629425509
MKAILV,CCO,25.420755599169734,6.493396650080735,10.819829581003725,0.05555004778758074,446.6504481637393,6.772985564734436
MKAILV,CCO,26.61038565579285,6.618845758072815,40.582594301510824,0.04146512849706891,441.4047235094684,2.2202030439212033
MKAILV,CCO,38.91782881397163,6.125070667549803,12.474036107835628,0.09279199714715262,318.6059288439132,3.7087850288231192
MKAILV,CCO,33.43507676688091,6.077121138480488,99.61669629793235,0.04294844545873209,496.2002510266217,8.956990473489448
MKAILV,CCO,35.05432309510944,6.284867023255563,82.61931285434557,0.05657891112392451,380.3852936678662,7.046690884333243
MKAILV,CCO,36.01705824374993,6.400882082668149,46.47631837420231,0.053134519136217716,375.2699902288165,6.4416332248760195
MKAILV,CCO,29.570660785272036,7.395440290923091,64.33274769422816,0.04030515620577885,342.20320241898014,2.3655564299784366
MKAILV,CCO,31.170493984663064,7.916689058344569,43.71182819974362,0.050126420685652595,80.41723305872014,3.8729828601088228
MKAILV,CCO,27.0166935270451,7.898460161531522,98.66564979854596,0.05238701145193876,130.85788274061812,8.915425899097333
MKAILV,CCO,27.387465362217345,6.691595948346915,4.831499540556782,0.04508873191656641,362.14278484938006,1.8752343779345424
MKAILV,CCO,37.96034227578969,7.680948358094527,6.017340066981969,0.07948275457212638,321.43124690161363,0.43805200990617343
MKAILV,CCO,26.105589490103995,7.296202076975122,18.560358484581897,0.09822920380037492,7.852633097608218,8.689450603408616
MKAILV,CCO,36.409543065154324,7.529471527526207,17.614175435091216,0.09497883422688279,91.32912227611394,1.758756301537682
MKAILV,CCO,38.10324237274546,7.984183974273129,13.794004686568362,0.09642901260229667,383.3104838006958,4.952147505843318
MKAILV,CCO,31.982825363972786,7.589203553110999,68.76908558978981,0.03993251871950796,24.42656490608861,1.120073045573409
MKAILV,CCO,32.92350439458378,7.63030126074906,87.62496160634946,0.07097043736383145,368.3849383460473,8.69408662369794
MKAILV,CCO,35.09632031718396,6.459797867582308,27.51206733241398,0.0221259886510581,318.388174658456,0.8210126323601455
MKAILV,CCO,37.68581115733684,7.905038557492677,95.04989722850752,0.04981919400286754,352.50273851223716,5.0010407895478055
MKAILV,CCO,33.884360257321255,6.739702760461297,35.276461595775565,0.012517278052201866,217.6408961496001,9.753155374739617
MKAILV,CCO,29.726201627867304,6.824637946021763,84.70123856743592,0.02579504330469659,347.82574157820017,9.40393505190011
MKAILV,CCO,29.566539261578576,7.948363254999266,3.919217612105097,0.06144974319618381,71.00460705938808,1.0599771740135429
MKAILV,CCO,34.64121569154816,6.425482664323173,66.64929911460943,0.07074711260993855,283.5421728652187,8.687821429200547
MKAILV,CCO,27.953824970125833,6.526670678455936,31.64921878649929,0.021253412699750087,345.6776867236269,1.3651241955957272
MKAILV,CCO,35.81082468183506,6.737320057670314,23.931697485573633,0.0750996645235705,496.4765029827036,8.582553397198279
MKAILV,CCO,25.177836364297704,6.639478742764826,13.369680224424862,0.06917262635474665,292.13649933588476,9.557508746870923
MKAILV,CCO,25.662204943380008,6.999017174730694,64.63052713747045,0.06461742595248253,367.9193442074693,9.38716221378781
MKAILV,CCO,39.390816812157894,6.669019883632348,56.62154695088994,0.027922792741354646,346.248824239773,0.9765445990867677
MKAILV,CCO,33.195276352240896,7.321653010846381,83.60705947145078,0.022121669048085515,1.2779633741468812,6.660667088790011
MKAILV,CCO,29.22265346251308,6.320350519297643,4.92122756063027,0.04062614021099064,233.78030312805777,9.4111154408977
MKAILV,CCO,35.52255392799643,6.54595241187637,91.85780817599695,0.03854564438958053,11.729740601709949,0.17714924425121897
MKAILV,CCO,28.090798207695293,6.414002386189548,49.640223446657686,0.013156852252647117,205.3470262265036,1.0727078984096112
MKAILV,CCO,37.93687954628765,7.512848857375617,97.98066219550446,0.013864544214209332,196.71017864792321,4.95314150136166
MKAILV,CCO,25.294595269915924,6.894721654665693,59.543716726549164,0.05102994368497792,295.9433278660333,9.418834770805386
MKAILV,CCO,33.31685125040033,6.318647972181253,54.139482700014206,0.09283382824401352,86.73798996855037,3.6285249810047113
MKAILV,CCO,34.265493970906526,7.432227057133339,53.84388859436184,0.046231675658613976,496.3198793803916,7.510095192052276
MKAILV,CCO,27.46776154133619,6.999612057083583,44.17365563496048,0.09092507489435177,444.2427917839241,0.26907863464895376
MKAILV,CCO,28.273959674895924,6.1909816353070495,77.36353516446381,0.08222975452023784,120.68859069189585,7.0410803559749215
MKAILV,CCO,31.908930805792238,7.953436441609698,15.163654961951522,0.03993304333094532,279.300328951363,9.18363184231378
MKAILV,CCO,37.67026941433722,6.030660112899456,80.59023110856943,0.059742536413233946,363.15972232674886,7.00021246602661
MKAILV,CCO,26.058473909800266,7.117688649053083,48.86407631881594,0.023047160246627712,435.87920318871426,9.425312025754062
MKAILV,CCO,30.76638343996078,6.1990939434359085,49.556464493011234,0.045861799578612396,28.862909869975546,7.052874412813596
MKAILV,CCO,32.25719026932828,7.445590575153643,78.37304025032854,0.015703998894150487,51.06826967188092,8.794433532541397
MKAILV,CCO,37.22478900774862,6.0221898341900815,53.606357429670815,0.08983454471571731,475.72459118128774,9.391784851012515
MKAILV,CCO,29.459912521383526,6.831180419507847,85.73547510886847,0.036917326359400586,156.89482910517034,7.7593321529237675
MKAILV,CCO,27.890871932650512,7.014175070519867,2.3286179789782646,0.06054786241778927,72.48917075174334,4.541895061894212
MKAILV,CCO,33.61070045757623,7.739664085363226,84.20180532971952,0.031618948749624336,144.1689352604753,0.5266718232879309
MKAILV,CCO,33.707329084845384,6.995072202331417,0.5189154421604281,0.06219079014817256,441.84268532655665,1.459475416661853
MKAILV,CCO,39.89406416203157,7.307852711444026,47.13336319059314,0.02701896262032929,50.983275374978625,4.936841048504815
MKAILV,CCO,34.324343730638184,6.742021937853168,79.2575404258396,0.09670690230556236,383.285812912597,9.716203117044152
MKAILV,CCO,33.61938470336877,6.931362985314653,1.4369756115530152,0.034035206610467814,399.11128270874167,8.929890738092674
MKAILV,CCO,30.62739813134275,7.775362621211286,53.18114412299197,0.05551846380699685,286.4692511921686,9.682685460720911
MKAILV,CCO,27.813377829072582,7.340765019639959,84.73021512137201,0.023755840942138562,325.13826753988917,9.622438087300681
MKAILV,CCO,36.43221221226358,6.360884865956968,15.516934514165627,0.03495576780425901,225.10362765295133,8.065262784831265
MKAILV,CCO,30.452849976744698,7.664339016826823,78.43847126259934,0.06492840167344545,382.07141911290677,6.837635806759524
MKAILV,CCO,34.049867468669866,7.917668273265058,82.52476322573924,0.08167701421810761,25.503561036940596,1.2127865953764414
MKAILV,CCO,29.23071753155111,6.798261329271381,80.06362753938048,0.0752368559059363,118.16876018853073,9.697780827189115
MKAILV,CCO,36.75698270639079,7.833968521462502,58.177758136453974,0.060388708587729774,205.01094934084486,7.048201082927389
MKAILV,CCO,33.136947921612624,7.617454392460665,7.219908643307504,0.09219644404036448,128.86845500034326,6.1017911373774005
MKAILV,CCO,35.49033562512228,6.907071009870496,55.44318269265845,0.051539800307748206,423.9445356078844,0.9086080507433854
MKAILV,CCO,34.90168653954917,7.29537810605343,26.43367369559502,0.030480853870921726,459.34311698558844,1.5371246616753511
MKAILV,CCO,35.026620590712085,7.57646476852125,32.28829214005783,0.09652365280223499,486.68839468272716,1.5658929556160266
MKAILV,CCO,31.97677121576976,6.451437382276421,84.74669725078414,0.09086940367746257,481.32308821295254,1.725158973308986
MKAILV,CCO,26.807835136909848,6.07036559822829,24.61007940278368,0.09805394396772862,164.11074868140662,3.5897701480974535
MKAILV,CCO,31.43157867092043,7.178405224515675,13.0926785449609,0.04336068767191103,233.73976545514648,1.7023193877606015
MKAILV,CCO,32.21664022787327,6.922829072679995,24.072424177695673,0.035923816972512464,491.17392668055174,4.417598378609921
MKAILV,CCO,35.1452632365895,6.988320953373597,72.58684125896173,0.053188914981545043,133.06531446824522,7.790350115098225
MKAILV,CCO,39.107442508000084,6.125670828454881,45.05594479167313,0.09809624526430101,341.83508172217427,2.4121200882606053
MKAILV,CCO,35.17731000820254,6.176445373029802,63.57032230503709,0.017843775613292756,197.35689825054993,4.383998188875481
MKAILV,CCO,29.966214076144677,6.158336771419267,76.24222485252487,0.029769461574941154,201.63532547166486,5.103993580635772
MKAILV,CCO,28.402456155507693,6.743398389683182,48.25712938544324,0.02237148868879789,434.1889257373463,4.36291689884913
MKAILV,CCO,26.666363293815536,6.866630135659831,95.57949745910912,0.0553020707817357,137.31889892178646,5.287462514413018
MKAILV,CCO,27.23563607145902,6.996463818994018,27.741198461047034,0.07855444207888519,23.526008226679092,9.3459464371702
MKAILV,CCO,27.64165879481406,7.983530134412866,32.513242795696904,0.07101406561581786,74.15460348357968,0.691264791202565
MKAILV,CCO,30.86637014714556,7.191240408110529,20.103867880100324,0.05084342116937672,385.49041364792726,7.7896980477365245
MKAILV,CCO,34.11134022412412,7.087279280457386,77.9630141115387,0.07041731070770071,356.2249170406919,0.3702916370217997
MKAILV,CCO,27.849641214026246,6.756870283859783,51.52318390611582,0.09535063092238397,232.9563611601722,4.729564280711302
MKAILV,CCO,36.91036597436741,6.004426817960271,82.11999464015666,0.016459688761602143,492.6934857648244,8.75108437492413
MKAILV,CCO,27.58308224370489,6.434039189331185,82.55235480866712,0.08750741473012104,5.28576981625441,9.294542990489434
MKAILV,CCO,35.08456529334403,6.166610421337793,41.57834487853067,0.0953092356651562,36.06182913397162,8.808481904254938
MKAILV,CCO,37.2303798156105,7.243599184186146,27.7439945083657,0.025638251266582632,483.16508939062504,6.022458934848178
MKAILV,CCO,38.49802053824116,7.358075616034054,42.715305164654346,0.013969850261948642,225.48401575032523,1.430513300389234
MKAILV,CCO,29.033512501606715,7.194663964454,21.136998491826354,0.032963203660950166,439.87645884671014,9.181022402752527
MKAILV,CCO,36.75950673500046,7.518242735514398,77.25734224713186,0.05792270730521503,415.59791590277314,5.417083725634643
MKAILV,CCO,34.05933142500576,6.555758588038519,37.8202384404189,0.07104752767875754,383.4980104801526,4.398009796214477
MKAILV,CCO,38.7883158587088,7.0819301020827385,78.323693534459,0.09339259332968125,59.83592072931154,8.957465653690694
MKAILV,CCO,39.54516551160602,6.425570364299627,14.234729324844398,0.0490576083248043,2.896440733786463,7.129551547030233
MKAILV,CCO,25.00108145814182,7.389486954913537,94.84185911203646,0.08813298838806721,465.4883389175033,8.260687951375848
MKAILV,CCO,28.331182455535732,7.615777328824265,4.879846322245507,0.029722089794026334,226.82319429254235,1.2023164447903743
MKAILV,CCO,35.014951621176635,6.742391838025865,0.7492465511751978,0.08614503139614217,285.7970469865837,7.740026772547868
MKAILV,CCO,33.62284941930063,7.206817243739569,53.47808083625758,0.063375393289335,104.75990343164091,1.3455940258779027
MKAILV,CCO,31.07874925935122,6.095351752239824,12.097994183845362,0.09437924592084283,231.022189057625,5.3704357357033246
MKAILV,CCO,35.388500725056275,7.312163950104812,62.664672590569126,0.04012997804972527,185.03069779740252,9.929010589604413
MKAILV,CCO,29.951218933215692,7.100226682679642,52.413598998774255,0.07577210653690594,265.7351293292605,8.737176949098641
MKAILV,CCO,27.167093033508536,6.150338242081568,74.26249827654273,0.04281541929641356,193.73155436167846,0.1733131841212819
MKAILV,CCO,33.9209380575991,6.870471252027355,80.17147726664734,0.016763334058136025,343.5739299510801,9.69807177850208
MKAILV,CCO,35.243631491633295,7.402144185184874,47.85871077472282,0.022267645043251832,416.31954836236156,2.782016055965791
MKAILV,CCO,29.861858143551043,7.418126707401207,61.85077012445308,0.03804151879255347,246.98007134183848,4.871385595790003
MKAILV,CCO,27.498705967119037,6.896341045864621,3.9767256649797966,0.041858796463441136,386.4147075541445,1.8165555570598628
MKAILV,CCO,33.07422086333011,7.4187978288031875,32.022870305462725,0.023280847874147085,36.827383956776636,8.326078821853665
MKAILV,CCO,35.09573891907294,6.150490276224165,6.474217017843287,0.037431066296138835,76.71101372390677,3.2214244251679522
MKAILV,CCO,33.01223631344116,7.041691068662354,40.70699052031873,0.07471150185966718,196.64771558900475,8.945641875921755
MKAILV,CCO,32.52700125340172,6.124699839558672,24.826779211762616,0.09324191086133034,452.9194830119388,8.70782454992888
MKAILV,CCO,38.15896804828157,6.245717633897878,33.99717435957756,0.04701354328615364,250.91729679351218,8.239225616504438
MKAILV,CCO,25.5655115455069,6.865606635104051,23.20902373865342,0.05801876999786221,148.8707852998791,2.482703594085446
MKAILV,CCO,32.95099052437971,6.06823463138987,63.702038316556795,0.021060677193860122,156.28774542681765,6.267384024116752
MKAILV,CCO,39.93784351037152,6.600217140235473,19.048275309217345,0.036248118685020446,301.62458685339396,3.498965348289732
MKAILV,CCO,36.90013554395551,6.348288856574968,95.06189502758173,0.08303502478310115,481.3765598693396,5.381325599834225
MKAILV,CCO,39.27534589608329,7.386421151251615,14.04694201688228,0.029654995563355258,473.60105700176405,7.513001052816315
MKAILV,CCO,38.980752006102044,6.877477022286904,64.14502181267548,0.04207746310796847,294.7028173854467,0.8357074913389063
MKAILV,CCO,33.0563932412166,6.991069752247597,55.58386992488319,0.05949615605221489,287.06650235327385,7.722664633822913
MKAILV,CCO,36.81972813985679,6.754808094316253,96.92392727064113,0.06909311295867292,59.20122454243307,1.9422545036203518
MKAILV,CCO,27.78941840392021,7.981527257576923,69.12574795268071,0.015819235492711813,216.5657176147096,3.5763568615899515
MKAILV,CCO,25.597153402011543,6.7334212599834204,97.8487738634964,0.05725264425991014,246.93385759924232,8.403717446525818
MKAILV,CCO,31.89519214106187,7.9494117984642045,86.68386261883167,0.04672363211830182,201.5737510516834,3.2137948550475417
MKAILV,CCO,39.31087988611363,7.507976733498493,90.82614761092607,0.044290041208963446,393.79574631401056,7.430698898115627
MKAILV,CCO,27.453163182744955,6.595080248243565,88.74176547211803,0.08346694496388436,77.5092553233261,0.5717862616476783
MKAILV,CCO,35.868518505003365,7.149349825872221,42.15792274681866,0.07804289899998373,237.59110233488212,1.9439799498781953
MKAILV,CCO,38.81905355895985,7.109224530236351,32.78737044521971,0.04348264575918962,260.64600763239883,7.234301377241015
MKAILV,CCO,38.60447920627907,6.334252446844851,69.0645335308149,0.04587094774897986,349.93251207132886,6.3537721086877115
MKAILV,CCO,27.970403782898707,7.969447008453266,76.46066607439398,0.06491715703236352,66.06287635524212,2.288798979690391
MKAILV,CCO,36.600024876264165,7.717928808938202,18.699020606513706,0.040574843201331756,207.2700885542774,8.019423941486322
MKAILV,CCO,32.93600600280273,6.022061040960349,90.1037494895589,0.09871891093824194,313.4094961104757,8.380460097751348
MKAILV,CCO,31.93055203877723,7.5130889599409,49.28804668184357,0.09265271213418046,143.72013634337168,7.779027072898514
MKAILV,CCO,27.488231502230473,6.545695379652857,25.52582759427858,0.05107304252448666,243.06345501197222,5.598501895310703
MKAILV,CCO,27.58123759960392,6.461688678314214,29.708517449682837,0.04878000220353795,24.60438688040327,1.4989132998166081
MKAILV,CCO,39.722259900755056,7.618623161305011,15.68591473835459,0.09404090063807505,346.5708713297566,7.748372972104388
MKAILV,CCO,32.28169186055243,7.414313445288125,38.21398404537909,0.0951946805107058,483.4459324135888,7.452597763882872
MKAILV,CCO,36.047935277378585,6.048188551889024,89.60938736247473,0.09043408162496197,4.559934345841575,5.047791878387374
MKAILV,CCO,34.58208741785812,6.9503846604103305,53.302165744817884,0.09406417504653605,285.4143478617863,6.039993247925369
MKAILV,CCO,37.45860240072119,6.197100053577544,97.77958712882841,0.0733499103895092,66.25461412565188,5.136588866678012
MKAILV,CCO,25.17148204291245,6.127924204832889,58.92962116389682,0.03822062900565282,33.404856291291864,5.073015696291575
MKAILV,CCO,39.045404472384135,7.815169143578058,3.585073703775643,0.09833312715593658,485.9811265610844,8.90718221107582
MKAILV,CCO,39.54412724509692,7.761625755025362,28.71800201838921,0.05927474097744963,23.294880536769533,5.1641517304519855
MKAILV,CCO,39.76666841022416,7.672958258490054,6.39613091744028,0.05687799072180204,189.27921083045692,1.394050826777975
MKAILV,CCO,39.736043746835236,6.785160132639288,76.02164143707553,0.03483169421629996,111.53367806835641,4.206597424343563
MKAILV,CCO,28.853011765139588,6.382293383954547,75.63465549478519,0.05579250797843489,17.85441789182818,9.910799566211853
MKAILV,CCO,36.86684001611172,6.454280947696818,81.17462611395673,0.010789043566749191,274.63163531439085,7.390910092777689
MKAILV,CCO,39.84869511997553,6.24744630891922,82.16079060713707,0.0946888855607977,408.9025775522982,7.246612785978299
MKAILV,CCO,38.254920445266585,7.858458822197768,87.49264169257435,0.02518888924090787,482.09545455197804,3.6969080098796225
MKAILV,CCO,32.40625703924194,7.407573130341595,1.5768099887406462,0.09596501233191156,268.5191414132858,9.452835688553758
MKAILV,CCO,32.16301736252673,6.0839160712069456,60.34639599031073,0.059615418854516065,54.76876841268521,5.289658896964639
MKAILV,CCO,39.499428164125064,6.394766559285903,57.79491874931588,0.09881118092742457,394.62862085554576,1.1185073907554235
MKAILV,CCO,34.32392229918908,7.736829838296824,81.77393515969983,0.06093399570473947,65.72724638080078,4.493678978774927
MKAILV,CCO,27.456154940511258,6.585721914033552,75.36689788925483,0.09259781059941012,174.28977025108262,9.547248881960503
MKAILV,CCO,25.03004955429673,7.862295968278431,45.89385088862035,0.0687867423519704,110.72549870759654,6.7769941229883095
MKAILV,CCO,29.737031829604945,6.618089938571449,76.5356349086662,0.0365589320769159,305.2130295160944,1.9798689544191834
MKAILV,CCO,37.63913612416777,6.444928292688793,24.949592904746776,0.06777589391271747,390.8355095242471,0.1704792436020776
MKAILV,CCO,38.99813538672688,6.23353776481076,36.70042677137978,0.023684705821038685,49.08404015916422,0.7032677778148004
MKAILV,CCO,38.86415559921979,6.885668456245042,45.29168494103026,0.022472203106285185,488.0898460651877,4.793008140747205
MKAILV,CCO,29.575534589154913,7.917494760094072,21.225619534318618,0.06561749756483899,325.85283294799666,4.1951478553170976
MKAILV,CCO,38.9003863577981,6.429103500059638,76.35941684684427,0.06186414345625141,109.76608482551893,6.540966741198731
MKAILV,CCO,25.46128305234876,7.010265032127284,33.55332675392406,0.038291403680837,413.10483196888293,5.420574049501639
MKAILV,CCO,29.30766162930489,7.2433985346203125,19.66403901099686,0.08020439839391297,69.96063553938166,0.20466154012876583
MKAILV,CCO,39.574921681046405,6.113736911171429,94.01331317709094,0.08796491222210033,107.83992233856678,4.73825274000192
MKAILV,CCO,38.47915840168748,6.940606666743115,33.20374901997104,0.061776350717677134,293.2951841001318,6.794823628996428
MKAILV,CCO,28.21810210313491,7.382670618185301,24.968175015578943,0.04871546531747221,33.11196410031706,6.122505244327726
MKAILV,CCO,27.763185440204797,7.036505721000115,83.13178709341825,0.02561010414332471,172.23260627369376,0.9724858287653049
MKAILV,CCO,31.491743073443875,6.842999837667238,45.84841701533369,0.041177389064636805,230.0978594167945,4.9332895915136215
MKAILV,CCO,27.461030082487845,7.686181131761687,33.06576838371925,0.05924118651835401,348.77972134262467,6.775300743779122
MKAILV,CCO,39.27229017059659,6.067152153820935,31.644409427770213,0.024178679131906012,299.0967680217876,3.9711540594381765
MKAILV,CCO,29.761368605107414,7.941992827121476,80.23685872990222,0.04180596784590718,492.4965360937843,7.220816486345315
MKAILV,CCO,29.317760493196747,7.977161225392463,38.37424618938552,0.08679820377374586,307.55082594779094,8.551063254503553
MKAILV,CCO,38.863420356026396,6.868605066830777,49.23957232702777,0.015444008474808578,25.648392305947088,6.04061262314629
MKAILV,CCO,28.34151014117651,7.8152253045288935,1.7885070805740866,0.07388247905900361,372.142558121268,5.254921100544355
MKAILV,CCO,37.89378107085307,6.39673603481366,87.3771395116696,0.03279003789649548,59.04051831011517,0.9180805888876697
MKAILV,CCO,39.454408730575636,6.332912108462603,59.37926222545986,0.09027027782138879,364.9482132955476,1.9450644235662722
MKAILV,CCO,29.451648622566207,6.261218607922858,55.83505406675623,0.05334713811825401,285.57220559363316,8.941960498149346
MKAILV,CCO,35.28049396154314,7.095729223901911,75.36033717703516,0.03326182764188258,275.6973401524196,7.397232424355153
MKAILV,CCO,39.23405524212382,6.193719561728933,10.118351770471767,0.0297761253057112,313.9996674171372,3.743965649937291
MKAILV,CCO,32.27222887893903,7.65313888140869,99.94025778426095,0.02381350375832266,190.34196720226927,2.4638293048177524
MKAILV,CCO,27.480492273368736,7.210680971391391,42.02063663845945,0.06641339189979759,46.994772436222405,0.5921734089032126
MKAILV,CCO,25.658732865350032,7.681147440574334,10.044720325443068,0.01284073342127816,482.87181138838366,9.534086863981702
MKAILV,CCO,34.379945971062625,7.7591444171258726,55.73056542438985,0.05343782750855114,364.52343433828537,9.038367399018608
MKAILV,CCO,25.69165701513802,7.42913812325574,89.535091396759,0.09550156705840893,88.14253220905195,8.244740514905516
MKAILV,CCO,32.75474173686127,6.487035005501819,51.72427334050105,0.09663262145390975,34.63091068873105,4.350627254148108
MKAILV,CCO,39.58829541277524,6.184097618765872,43.74688127227304,0.09983211237332847,444.92242444683404,8.417294412031108
MKAILV,CCO,33.92835575436498,7.95136507267703,13.942537494004103,0.020738990527678445,232.67821535509393,2.289777736036453
MKAILV,CCO,25.282354835230244,6.2058020954686794,66.81225943809821,0.04679977103738697,279.86123239740095,0.4792354479558233
MKAILV,CCO,33.733609628202196,7.436068448981578,5.864986292111196,0.02469029003749164,440.09150824856874,4.501490187623639
MKAILV,CCO,39.63654061925026,6.18418399676319,62.34869084004245,0.09021915447499172,421.3600108743613,1.1489417234921946
MKAILV,CCO,27.22948941889994,7.911046086650043,11.597915875485986,0.02733671509591303,31.30954319351582,7.386761388487885
MKAILV,CCO,25.935254418024776,6.732986898581413,9.462698542247983,0.0426171173597248,239.74922812257077,2.079996199035796
MKAILV,CCO,26.872285404135553,6.483177926639703,32.0279491681006,0.020795634792974204,204.4189805363825,5.3816446905354045
MKAILV,CCO,30.42342721616328,6.767623746306993,8.112342867823374,0.08836665661865549,214.63627459587897,4.673756597514748
MKAILV,CCO,25.26943580250426,7.472673275280508,47.19572957582307,0.018031027101201268,465.4075436877801,1.2712449513455641
MKAILV,CCO,30.131704326102685,7.248051609578207,59.21533735786364,0.09534214852767887,379.8918331223814,7.823142882232166
MKAILV,CCO,31.08753361873188,7.304992392195151,89.75966597964477,0.061640653045000986,410.87143384777283,8.100350855738915
MKAILV,CCO,28.091255878065564,6.803187309284498,16.594548400598306,0.018732844866056496,84.70388969854558,4.005122588355812
MKAILV,CCO,34.356100771761696,7.492095778823295,91.59915260897964,0.06569442208203911,151.7297896911101,4.252293539212753
MKAILV,CCO,28.469816968910663,6.671565813407751,1.3209820865771715,0.0873433539041724,196.64969045641433,4.778831846866492
MKAILV,CCO,33.18112885298239,7.1666342814519775,78.29903568238907,0.01398476033562906,19.873336830514017,2.8662592724039913
MKAILV,CCO,29.16984251529486,7.396515247445556,1.9900642971435012,0.04887142140394256,344.27636162372113,0.7702741597677998
MKAILV,CCO,25.97401876490497,6.309749731281208,57.741765265915426,0.07184641965171329,378.07804948988183,6.187821334117066
MKAILV,CCO,33.743029577416706,6.986416946750708,7.201515929728974,0.07674147119041255,231.37053520823432,1.2778767103604447
MKAILV,CCO,39.08627292492053,7.810489736643099,89.59533392429073,0.03359940153396796,252.12014694871323,5.811580424991084
MKAILV,CCO,29.557458488459428,6.991389281170108,78.33103885656733,0.07272702784518534,332.3889021398458,4.615683728932334
MKAILV,CCO,35.76299463998731,7.649832398316509,64.46767054892098,0.08511714951205691,402.8180779323197,3.827007598230792
MKAILV,CCO,26.172577972532125,6.485561538709195,38.269558885413865,0.09995822235131958,212.50743719621627,2.949432048493388
MKAILV,CCO,31.28734394415169,6.556484814293915,49.08582195369392,0.07285618298828324,130.70528571112018,2.310820535917393
MKAILV,CCO,37.16021292320031,7.958444277395641,43.613740160320035,0.08856366108644106,419.66502633096144,4.144279553804484
MKAILV,CCO,25.74878278536751,7.839252731622418,44.73315853447385,0.0312020812536101,314.7984287000053,1.8826628119224107
MKAILV,CCO,35.526192202684875,6.958949458842984,38.66572863314525,0.09017525682167975,389.69321137414425,2.686228690870522
MKAILV,CCO,32.37676088054374,7.602509756821273,99.08160388978399,0.010556782665487655,434.06764033429425,5.649063174185776
MKAILV,CCO,29.55905262092295,7.3427660087963265,98.23893260596613,0.023264237939030145,138.5146300155381,4.493895861525627
MKAILV,CCO,36.957273851792095,6.691940389129154,2.730843736818811,0.02531741505564613,114.87652923753198,6.840566264982563
MKAILV,CCO,32.68035909535702,7.981963542292485,79.62048185240435,0.016644008017953904,370.27315126927044,8.270464358835621
MKAILV,CCO,27.79861023406715,7.332325414452742,32.51566434678676,0.057346872376059545,352.97181343046907,0.759072020522949
MKAILV,CCO,39.5460476990291,6.665317774727164,31.579207156108968,0.049969467056632216,164.12554937562166,2.3134096649783706
MKAILV,CCO,26.919150411473584,7.918013726106411,97.54117143655773,0.055858409773113085,369.7428892472843,2.5781749612787044
MKAILV,CCO,35.819099213911436,7.453010791584445,85.92289905650728,0.023449416608036688,116.54974919693551,8.417444754387693
MKAILV,CCO,25.2061163086477,7.79486148882247,24.490955472164423,0.05772543836406737,436.23074453569285,0.5821724375744253
MKAILV,CCO,25.472936256544372,6.0567072997412,19.29568728202533,0.09549367301212014,161.7997685250696,1.5782294047399668
MKAILV,CCO,35.5796303177405,7.016259340480913,98.31202250684835,0.08957328756283554,494.98023071854016,1.5098359802635437
MKAILV,CCO,35.246075370597765,6.639945204188645,9.690746735728883,0.043519238042228896,152.22238867806843,0.6623272861514153
MKAILV,CCO,37.43521260773318,7.6704860433982445,0.714377486184159,0.08907753822783836,399.6984018218869,1.264041523522044
MKAILV,CCO,25.51779732550575,6.8054498539328385,12.321005948064778,0.09182861922899899,36.49334188952221,9.66123507224283
MKAILV,CCO,25.76395242213006,6.840700625692954,22.137524796951592,0.06726219581238568,125.9471417763871,4.559462902500966
MKAILV,CCO,39.718209660482366,7.509194418427338,11.324982096222659,0.0919924966605154,72.5493407033281,8.287954915803853
MKAILV,CCO,37.71178447892846,7.66781403686101,89.10529999022884,0.03948169489728746,175.38833951078416,7.91668285382247
MKAILV,CCO,29.650438078163365,7.651625179914431,3.917360402836234,0.049194709866143264,455.6883841468725,5.632000514012441
MKAILV,CCO,26.704583318453107,7.00843679553134,96.53487696149368,0.05379010180440417,137.65066494323227,5.992545201777792
MKAILV,CCO,28.63072325090681,7.309324767312018,1.1135119525936932,0.02461078064390429,477.4727263565905,3.9603296197518616
MKAILV,CCO,37.34928774828056,7.465389474028205,89.34180942702692,0.0984657743058397,95.92575975796258,7.007796527964415
MKAILV,CCO,31.103596241690617,6.098638111004657,76.59082368850405,0.07946939125920852,110.89299418241326,1.3739013955493755
MKAILV,CCO,28.681927584299046,7.636965817899092,71.42693424715624,0.016991797684592126,337.86401909008026,8.79442190598024
MKAILV,CCO,32.273806821876704,6.1091438134551375,83.20289215591569,0.07483724204394657,206.45651607889494,7.570986752637357
MKAILV,CCO,35.65152540426295,6.683898099783677,92.59492909549692,0.07285270609504094,228.94258340882828,8.369967667125028
MKAILV,CCO,28.42259027274164,7.734965346905005,43.14948712884914,0.036809772620786364,358.6361082952902,7.119212392603029
MKAILV,CCO,34.092955879745716,7.379399943484615,56.96640395787782,0.015377882731589259,466.0626308785305,8.516480259708528
MKAILV,CCO,38.6234108209425,7.3007951585201845,35.823432448463656,0.0477693080752463,487.5054153341491,8.131963369786469
MKAILV,CCO,38.230045162254605,7.005682975599715,74.83603682877612,0.09779728737344952,236.6657056954182,9.225806284089098
MKAILV,CCO,33.52504539847966,7.038980445339017,37.647456015434756,0.02210350357464229,315.10371415841144,6.302263886331109
MKAILV,CCO,35.35787910603154,6.204876441767803,52.714397150536676,0.01022440482077547,487.35071635281406,9.196880095905081
MKAILV,CCO,25.333996406698404,7.989839463128348,28.94752961312178,0.06968186529615661,84.60366973679005,1.0320053137633651
MKAILV,CCO,34.65665807603396,7.086760419119495,46.36771789103232,0.05833766225537358,431.07676190607117,5.407404931092431
MKAILV,CCO,38.18843981435708,7.410745883246732,35.62544034360656,0.033471381420476155,279.4494833879095,2.663542868511425
MKAILV,CCO,25.83079421864098,7.923209603275037,80.63074248662454,0.06849404226400285,220.0740653997655,1.9342996916464565
MKAILV,CCO,27.498818830353077,7.855343617694481,90.62643001912485,0.04571896550218099,259.5370426343645,0.20277384074425875
MKAILV,CCO,31.73533602405355,6.10279666003865,82.86306398644966,0.03825457162301468,476.38794083020514,7.161841900476866
MKAILV,CCO,30.659077361285163,7.728299581283166,66.83207400687886,0.05163568672166742,404.13069314285235,6.895859320241199
MKAILV,CCO,29.83231435706314,6.115168210967601,86.1559724035654,0.019432153214452616,399.3641233169547,9.128235623934115
MKAILV,CCO,33.06491662827956,6.6041246087850825,99.25458806310047,0.02821891354705948,475.8463803126193,3.637146762922607
MKAILV,CCO,33.50470892338531,6.0943620637251845,86.4069186661596,0.06861304396374096,249.62157444505493,3.9298191230742874
MKAILV,CCO,28.787101350860503,6.367285385012609,3.0289463396417027,0.02855369376628871,110.95191910755581,9.707866354056614
MKAILV,CCO,30.740940314363634,7.053763778210298,28.143099337911814,0.011720004922101703,359.6180817770884,9.295498999412684
MKAILV,CCO,30.785269727535866,6.189136841260162,56.57110778276147,0.09167517813794591,56.17465334150729,8.321332003570875
MKAILV,CCO,30.10142084767579,7.871412378051172,74.82990919053628,0.037984857253308066,292.3839169971199,4.548019204718097
MKAILV,CCO,29.329910178217673,6.687211828323,77.85402538509089,0.046884318834774216,43.066255824521015,4.331958482790055
MKAILV,CCO,33.45002373131932,7.629267322789303,17.13826796636927,0.035206941502500935,154.6494771438921,7.326493520279124
MKAILV,CCO,39.430268726037035,7.9277672772489804,87.75142375525171,0.09434305819723562,42.71585717847302,1.0923677502420384
MKAILV,CCO,37.45347702615209,6.1469929260684175,84.28307007613978,0.05288691506875993,447.3381232825269,9.145188120358727
MKAILV,CCO,29.33674961154879,7.227155017463925,30.04041348558245,0.05700765385810191,356.36552453335776,7.282806838547212
MKAILV,CCO,33.58096091157025,7.074507663638688,91.20007104846644,0.04883541928477688,489.64676859243696,7.013792864553888
MKAILV,CCO,31.477747426416187,7.053322430411951,81.41811623145429,0.038698338988157645,428.4181648778729,6.436249964724315
MKAILV,CCO,34.97811972941657,6.798684611276576,41.36209573466327,0.07361161220812933,219.39787570979155,3.509006561361881
MKAILV,CCO,38.31196962511099,7.6722175766711755,51.25502565770865,0.03325100239804675,107.29221475501569,8.350783507496567
MKAILV,CCO,37.84228580948204,6.384925861714004,96.28493690445133,0.041718664005778755,464.3655930835176,6.47589878922137
MKAILV,CCO,39.109302274948995,6.844186829806574,43.422158259905316,0.01788908182765093,384.1527253968175,9.94337844572057
MKAILV,CCO,26.700758817300454,7.287340372988744,87.45908629151913,0.09403828265504975,34.84918375750651,6.941975049962789
MKAILV,CCO,27.72805968975511,6.049941263888419,43.86103538706535,0.03176108820546583,448.03817864162517,5.236385832971834
MKAILV,CCO,38.52410384181925,6.846705409387318,42.38024821663618,0.08153773572036516,1.8966177672079192,7.757238948729911
MKAILV,CCO,38.42472509773982,6.482527888353916,79.70819293326177,0.08085756151450853,409.7215766776912,7.23973071862239
MKAILV,CCO,37.54549625982151,7.286476776913568,7.463529149589688,0.022954391553219152,464.94767452808543,4.528756820738099
MKAILV,CCO,39.22070949495631,6.2441166124326575,28.31786717097755,0.07231864895577526,15.651946734243026,4.275697439272092
MKAILV,CCO,36.500552040479064,6.521807490729421,0.12905866303827285,0.07536833164190512,29.248539009304267,5.464558598919769
MKAILV,CCO,33.10747779025993,7.829859481146593,93.61012408842475,0.034206000784133585,265.5149212317956,3.019523395436605
MKAILV,CCO,29.263313359513358,6.225470911112695,24.635493373247762,0.02189243775178452,265.89357911905773,2.784905885382378
MKAILV,CCO,27.62467621694669,6.170077633037444,48.31313729554044,0.04538660503786945,102.49372092973574,7.831371290505947
MKAILV,CCO,37.81655018755819,6.543555051874876,59.99253958462519,0.0664230691957892,477.0074752172142,8.177063467487413
MKAILV,CCO,27.01896561253862,7.758407359935094,40.35766215082719,0.012389801569846802,111.71425308852315,7.219742745707438
MKAILV,CCO,34.4512674431139,7.60082059635232,43.2582934540812,0.04055181249761057,57.3525458973256,2.7970573748922374
MKAILV,CCO,28.355418323597142,6.542960287465157,88.49283514507394,0.017804055406874256,363.2653704945909,6.43863272456649
MKAILV,CCO,25.500624981604027,7.545149737477441,92.34394512716705,0.013205947071982452,497.34455308478346,2.9378574915029803
MKAILV,CCO,30.964592020530883,6.86388559139621,97.25307596631144,0.09501506996691512,17.013859057910587,8.036284226904767
MKAILV,CCO,33.786163399127716,7.568001388438118,59.32657662247169,0.02408336844344453,3.997916098182422,6.938144537087505
MKAILV,CCO,28.448545880528666,6.6466663054517054,58.734950622636916,0.06602438819236539,396.72956997087886,5.47400150051306
MKAILV,CCO,28.21559335204329,6.398733415362598,59.86188350762981,0.05833435993559967,433.8826478798069,5.1931754200485765
MKAILV,CCO,29.11416714393961,7.333960282634582,71.36634769069062,0.07547125993831424,413.066609236006,1.6305604648894805
MKAILV,CCO,35.810862372559384,6.067114241902376,22.24270857435612,0.056863568113301254,315.7930377736081,5.927077022335933
MKAILV,CCO,37.830035708790525,6.325898723997475,74.48142394394203,0.05964484644575762,426.13264701368024,1.4643557877088722
MKAILV,CCO,25.980948851291277,7.872854687516546,88.21795325077103,0.042427596470073534,168.59249083755856,6.391600339245652
MKAILV,CCO,26.149659381670542,6.8360949877259625,66.42629147026736,0.05663663146436937,378.8674396259397,8.249890053038575
MKAILV,CCO,34.6675726608227,6.2953656573204,62.52905604318898,0.049260970761130514,460.11883089815734,5.595196091977433
MKAILV,CCO,28.16151880345762,6.914288625168213,90.57508315314516,0.07619894210937991,154.23041527464935,4.9868870669229155
MKAILV,CCO,26.406002445605044,7.9683765765290815,42.91962419235419,0.0687135469242652,356.3139822476101,7.1894624909916915
MKAILV,CCO,28.023280920482158,7.108214321577838,68.9757263662387,0.09929628855397095,146.37591217632016,2.6257985046730323
MKAILV,CCO,29.24971867381941,6.376967482269399,69.459823028917,0.028764885485106945,56.78695231779939,6.157204653802854
MKAILV,CCO,31.58002951679307,7.472690439354828,20.00770595709693,0.044613345070613465,118.60813219706495,5.690758829417312
MKAILV,CCO,35.18527329894873,6.380134789591986,44.35925496405736,0.09369420054733434,460.58474868609164,0.825336724838368
MKAILV,CCO,34.52790669862138,7.7782351725408745,92.92704606047047,0.04213352250033199,109.17401359647631,7.777683504179871
MKAILV,CCO,36.66266623497512,6.0773080731859945,62.270960163035284,0.025847907683736723,109.13067377641235,3.4707818818202285
MKAILV,CCO,36.909262771347734,7.822774510573234,49.596764943546276,0.04487074911873605,7.712947665178838,8.363606995078415
MKAILV,CCO,31.029590312311367,6.813606366094052,21.032260170058727,0.01650219203675188,219.5690143107961,9.237440834069956
MKAILV,CCO,31.05708443314306,6.231306493286878,93.70284558996492,0.0622762853477977,425.75666257518765,9.987430158767701
MKAILV,CCO,39.4610630126574,7.2370692278120705,55.479647109888674,0.07509084725690456,428.0308029102646,8.840549384832764
MKAILV,CCO,35.14656347446215,6.935246405199299,21.21935706327602,0.07628464411131435,312.6910424980304,9.301050638446396
MKAILV,CCO,30.127898035995134,7.722923515607229,12.444387121384693,0.051220829856740355,444.62707746151585,0.7343962804887464
MKAILV,CCO,27.426510183683924,7.442271953401606,81.57748523690877,0.07404848715455274,451.9008630402121,1.5478746356319426
MKAILV,CCO,33.427486250985254,6.487364117137746,12.007890002809374,0.08301725154723862,212.70270409088073,6.044099057999162
MKAILV,CCO,30.47787019737913,6.2698887407576125,4.362493125295153,0.05071654126594484,486.1153825943404,7.134577400430382
MKAILV,CCO,36.97822018776543,7.96679651559313,29.654836511776484,0.05265477639091999,66.83478922124483,0.10408831812224606
MKAILV,CCO,39.446030833094,7.12686351916739,2.4929368798676466,0.0889848433763575,269.41330927556055,2.983944524491201
MKAILV,CCO,26.59550625800532,7.7079582072346176,4.393547622742111,0.07770327423098564,466.4539035573319,1.1621336354800442
MKAILV,CCO,34.88238889789484,6.897196178537444,63.158850112641595,0.029283724438584662,390.9025340917833,7.022491176306768
MKAILV,CCO,28.145857007235136,7.7646597789415885,36.46110400098947,0.013542707491859691,149.05336351598177,6.118683585038871
MKAILV,CCO,32.5726130556038,6.823199901969666,38.09396580242724,0.059298175423681085,301.8893706633732,5.971093733734381
MKAILV,CCO,26.17231006963705,6.659332670446739,74.27487025261837,0.0464911241988178,416.8464793969516,7.422262237327677
MKAILV,CCO,35.24676683018008,7.816044507723696,58.64963096605923,0.015026255734983493,331.4639957740229,8.217848992555853
MKAILV,CCO,29.468369253771442,6.7458331546694685,0.8545433867946928,0.08852137314342876,483.3885980237839,1.8410473080519087
MKAILV,CCO,36.690197909737655,6.347593084172034,94.94097604494873,0.08441004655876795,160.40895103569218,5.862920826859524
MKAILV,CCO,25.38590803200378,6.929504868796807,23.096916340218097,0.01591111205759481,165.7645777209554,3.0987124644808413
MKAILV,CCO,29.248239001295463,6.0295914861137945,43.35934515963407,0.07081746953127784,488.11917896606917,6.407256047479108
MKAILV,CCO,38.52972429426749,7.976164415335037,8.13578110564228,0.057161925056396,159.51887243165874,2.745088603884322
MKAILV,CCO,29.78467556679483,7.896160536685662,64.57515567108162,0.029407198082654053,292.81119875064076,9.54849991967292
MKAILV,CCO,29.53313571642238,6.5055584049383155,41.23246033596811,0.039272222973074825,151.90298680042085,3.325445936066679
MKAILV,CCO,38.32440785332953,7.475090091518605,24.806759164354297,0.08222218739203505,495.5147019694846,6.3766992338514275
MKAILV,CCO,38.312495485101664,7.8795650052853095,41.9172848598557,0.03125610120324819,380.61891238409913,9.189464504826535
MKAILV,CCO,27.84805567821666,6.498609669749609,72.6004056754226,0.03219247493611758,386.2675164587144,2.7790235237743013
MKAILV,CCO,33.25041297940674,6.57129526626269,37.08768129525256,0.0234102022451271,39.934879649365115,9.64141590298168
MKAILV,CCO,36.657316427903126,7.947377081409744,97.39287004137542,0.04785690515900497,428.89002153862793,7.174578902846479
MKAILV,CCO,25.07833739967101,6.501990610726885,33.12959545335824,0.053019344766284365,127.96555571760034,3.028949435970317
MKAILV,CCO,27.15572105488287,6.0939884953569905,54.13686794161002,0.041834161360494546,99.03954688756788,9.171342019504259
MKAILV,CCO,34.91849204058682,6.201949117413356,20.188655569297588,0.09926452663273262,344.1633432148036,8.082618480783326
MKAILV,CCO,34.78893371926793,6.284392072590803,54.411286675939806,0.04557182252639145,474.20364352103314,6.866131022519902
MKAILV,CCO,31.102963767860874,6.567060656360537,80.8148140577136,0.014590656533756505,281.30278726921733,0.47287388479485015
MKAILV,CCO,39.189189244125366,6.228067680203541,10.794535716085695,0.06336449676436445,95.95585577053859,2.5064057715353627
MKAILV,CCO,29.15875890240544,7.50406275318907,16.056065289208853,0.05578189275762417,131.12883634186562,3.8062507416181797
MKAILV,CCO,26.646348946937305,6.1782902890795475,10.711152437428527,0.09097027031159828,289.8417055220264,9.46132086898941
MKAILV,CCO,33.96540417178075,7.144386753249039,1.4380695942198374,0.08783660165490309,106.90365867083118,3.155917626883494
MKAILV,CCO,38.397073872081315,7.1711332836161965,40.32084680109801,0.04310021276731369,302.5008798046372,9.530458871176196
MKAILV,CCO,29.485472099406902,6.066578761051771,39.31957535103938,0.07142885986002677,351.2772446694489,9.33567093693997
MKAILV,CCO,38.30357036018097,6.5857772479991326,0.9122882951292155,0.06575714995222878,147.4980824535604,7.138643683912433
MKAILV,CCO,38.409683359564184,6.875812682758508,89.26650132738337,0.015419228208443733,360.123583781702,9.008539576517023
MKAILV,CCO,34.542174186151136,6.844082725090162,66.80256231820337,0.05259210599926843,244.0416490736886,3.282772518012116
MKAILV,CCO,37.14527186368265,7.992232452241241,49.59679177309878,0.02624671090908368,404.3334285862993,4.404184240212104
MKAILV,CCO,25.379195901920678,7.382507579603754,87.45341859367943,0.06839089340311312,385.74370396497227,4.271222796262411
MKAILV,CCO,28.76644293489708,6.27467923818399,28.06733729141201,0.030517691641948994,202.96439804430517,4.031861180904415
MKAILV,CCO,26.361804207257467,6.311923038237132,97.49716194188208,0.09984148075825867,297.71477620707236,4.986859172045197
MKAILV,CCO,25.5402196234714,7.063066782640323,16.809231168032934,0.06429882320212629,446.4101097670081,3.764195797383041
MKAILV,CCO,37.59262696128895,6.865146761608326,31.533864806238977,0.04018851175608075,305.60206009696026,2.846228321796045
MKAILV,CCO,31.159407749024425,6.460048652263369,28.088117911367384,0.0171931174478438,41.551462736286766,4.6354865718402305
MKAILV,CCO,35.098243084136335,6.978757361823265,13.187179292499518,0.07957931308354535,436.47010713276563,1.1544698561725488
MKAILV,CCO,39.178064273229026,7.313600987545663,19.458356298956126,0.021397470180678835,154.52769018295183,6.8286441222594165
MKAILV,CCO,26.64015908584396,6.424538616402138,54.29128637836713,0.017436526837055814,434.11568870277864,6.774331810024457
MKAILV,CCO,36.86934302558814,6.231084965206463,73.49153119077239,0.017447274229637953,283.00627369509533,9.522909214229482
MKAILV,CCO,32.54722437290291,7.695468608551659,56.09205032818616,0.04168300386807499,483.4482944672574,0.24930141523619861
MKAILV,CCO,28.53633830654586,6.6002105073281925,21.096407624414727,0.027471741120342185,233.22573799159383,7.187940784088485
MKAILV,CCO,25.846764318695392,6.770017699453995,35.21851011880616,0.06928235574151112,70.16347584897692,5.809622609284292
MKAILV,CCO,27.353664803874707,7.509189224906482,81.41181469861432,0.0692606710155249,373.30176578424204,5.207688533557649
MKAILV,CCO,32.11852115253453,6.480599459376821,16.981255553535558,0.03557170844968033,493.87707723365685,8.262234095113717
MKAILV,CCO,32.21526242602704,6.9370531959543325,35.723414611287865,0.09422492993414436,169.2363173736674,6.268804406706885
MKAILV,CCO,31.101705024913066,6.92339309838373,1.3237789170660985,0.014375052200046291,143.15224644453505,5.297341003756772
MKAILV,CCO,34.70344944695303,6.974479616844597,66.23506118991523,0.07155682828683278,189.17521201130342,6.406879278742527
MKAILV,CCO,35.86345487963612,7.184757109213972,13.029340806102162,0.0848733997581776,187.6752862489093,7.438596004021063
MKAILV,CCO,25.216256403150044,7.433703360539321,16.704271604420263,0.022695896312021208,237.49573860147677,9.018302134373359
MKAILV,CCO,32.14121336330904,7.570639243257028,14.274697978017247,0.05740751559788979,181.75172293200336,1.2693217116802464
MKAILV,CCO,35.60745133383165,7.726815649578855,27.562696213995153,0.03888760143786326,261.0066367087616,7.969907043985819
MKAILV,CCO,31.05783919315099,7.9550141839068305,53.58284718931,0.073233808723669,465.532995561144,4.461502305863298
MKAILV,CCO,37.75780541413876,7.232153066849682,32.86163956588706,0.03248177680996241,65.39294417047864,9.14471436729184
MKAILV,CCO,32.38706314688551,7.1280807254881635,76.8249411104804,0.09041284875469104,163.61148761370964,2.9018769956016404
MKAILV,CCO,35.67997655460472,7.99051251022584,9.625696944253814,0.02284687043943251,399.7099852843085,2.2345741293803707
MKAILV,CCO,25.3589987222308,6.559483209095363,23.592746915988585,0.09278699780832055,127.08401480764897,5.658914512885997
MKAILV,CCO,38.93692956503237,7.669356651587131,84.88303281606242,0.031069291347962286,477.16856086795065,2.0050483115501745
MKAILV,CCO,35.80685813947728,6.140288049156929,67.45371258753684,0.026600192590291574,419.9934051622546,4.751108880336514
MKAILV,CCO,26.216211239850107,6.6574245080068675,22.257187825012025,0.018782788597830807,359.9847796669276,5.952530263460148
MKAILV,CCO,28.354165947326127,7.315696851886658,10.347487891729601,0.07213721019854016,169.15635108665316,3.6221851670009397
MKAILV,CCO,34.57106799146144,7.901641127433106,82.6401696399078,0.06006091659502926,58.79746761602926,1.5137832938591675
MKAILV,CCO,33.1676191261745,7.005186718661999,14.939430722258217,0.08781890051333141,377.29856757867253,3.3501823372399855
MKAILV,CCO,29.821230467983824,6.652888653086192,74.00500796571815,0.08209281679381006,33.15280200832281,9.127411818158963
MKAILV,CCO,34.04028489568573,7.064848025613867,13.559252301385104,0.08417181741439365,276.60898844313937,2.30717136982715
MKAILV,CCO,26.448707618265892,7.217392190599426,70.47451605341104,0.057481408129605685,155.95490798288154,1.3688547413655245
MKAILV,CCO,26.558166165131606,6.126091296996422,61.36818988567468,0.08853070304587343,453.98498072925713,3.750104267057919
MKAILV,CCO,33.894176079535875,7.724646485215864,6.2628800364909365,0.02157514511726105,345.4560218615843,2.3854711415025136
MKAILV,CCO,26.381353024411837,7.865314241898501,98.75061313451987,0.08063917815698753,337.27110496281585,2.293993265930702
MKAILV,CCO,38.41052181067212,6.914880919211901,25.62043300338854,0.0508781985196574,220.1792921646339,8.180181702386127
MKAILV,CCO,28.73754362547645,7.557849238542341,67.68708133576186,0.030490565918311827,320.4220224731216,9.20793830416448
MKAILV,CCO,34.20218262327318,6.913153948628545,19.57830088850143,0.01970104334249029,410.7353008480196,2.6561455750997074
MKAILV,CCO,35.84398461999246,7.0070605945472995,97.04470820854752,0.043642098829666555,78.57365849764572,2.191181567667987
MKAILV,CCO,30.422221256058112,7.2960879372944785,28.538175447077087,0.031223796304528977,18.234487680363163,7.510397670840676
MKAILV,CCO,37.46526905264054,6.093333767303916,73.54306124507237,0.01849259718191176,33.42983838112421,3.446293924626622
MKAILV,CCO,25.762829492819304,7.774921759651482,30.795201408379246,0.0535358994814637,238.06472030330886,6.419325740450654
MKAILV,CCO,33.406646352982435,7.820506719157654,74.50045233663755,0.027073463446702035,178.54608277864094,4.972608540645488
MKAILV,CCO,25.96511955689505,7.005728332218938,91.06244836693114,0.028783640698459147,471.26070390226164,8.638797238943486
MKAILV,CCO,36.80837027993595,6.526698184050202,60.057847667700806,0.05222926325819451,494.24696888218295,2.5502789454744508
MKAILV,CCO,34.033074517105526,6.234307051205805,79.62390440821562,0.05859438029430705,369.5216017069844,0.8168703965933622
MKAILV,CCO,27.419933662894884,6.559337571445217,77.7717070464828,0.04231705515140359,260.4681578459381,8.884243178788122
MKAILV,CCO,36.746645715353786,6.086186803770869,49.19081110719784,0.022056192905940866,220.25418642718063,8.289391783490066
MKAILV,CCO,26.59079834498443,6.178355724873377,76.22982771036489,0.0824088125575799,165.10652337225662,5.349461332017995
MKAILV,CCO,38.5750531238248,7.00972166799443,99.47153374087695,0.021263119900136445,233.64061216505297,8.145438475529595
MKAILV,CCO,31.664236727176863,6.233443653799221,95.24800707856146,0.010380438999474785,54.041803833137784,7.465703194264528
MKAILV,CCO,30.135889241100507,7.762693886038598,86.98267786949444,0.08632039327682477,280.63532602176446,0.2735562807236773
MKAILV,CCO,25.769808042893203,6.027862013280741,86.5995131793524,0.027313585378078695,172.47556730523698,7.367366521989573
MKAILV,CCO,39.35497887413378,6.612579588080076,13.835522883573748,0.047532741367734055,19.48953873843955,5.164851314937778
MKAILV,CCO,37.54499734060834,7.26051625691455,94.33583298857423,0.06287814748815113,342.35985116910894,1.137223742074547
MKAILV,CCO,32.56158254400013,6.069037898038886,23.73485379146496,0.014335955935458984,339.8876726926058,5.432206850151578
MKAILV,CCO,29.879064003129763,7.388428767304182,19.81503486773245,0.049478705135688646,47.95944570856787,3.2111004963643377
MKAILV,CCO,34.70081909457801,7.758025220463034,75.32740253012807,0.02165815195701124,409.12895043626924,1.857977460305418
MKAILV,CCO,27.563552230192528,6.6746369626767,39.05149188943176,0.045158776414880676,301.3623355223903,7.221765975456104
MKAILV,CCO,35.771786121151095,7.123057223625785,49.21702355835168,0.08742097444011675,408.47512292350535,1.5825649568812021
MKAILV,CCO,37.021123464126546,6.752616030601008,36.463470180224725,0.020684255578497377,290.43889605828184,7.971641328323146
MKAILV,CCO,36.9933986231906,7.764766923996681,34.9168700407553,0.026165529941418703,154.27974695521806,9.856603910775645
MKAILV,CCO,30.28132470206619,7.281805567905432,21.248909303736607,0.02010760261240923,142.1406909167264,2.9709821007569595
MKAILV,CCO,33.365459416563226,7.655785477395114,75.30427208172384,0.061018093220519445,103.21179222502822,4.4728627309669875
MKAILV,CCO,38.873941833177646,7.7467702659645,9.811128789561485,0.024500606563902107,12.760597300286282,6.7505827034597985
MKAILV,CCO,28.351620487232,6.726110424993353,23.230016115419183,0.046449256360676115,396.93576741745704,7.221659705619696
MKAILV,CCO,31.396522917983138,7.326047717712942,67.13506840518703,0.03561410334366122,442.475799982093,0.45475796290494813
MKAILV,CCO,29.08100977936885,6.75609463303355,76.53620921816827,0.025798360730417108,165.67045493159037,6.309914965658607
MKAILV,CCO,31.74553030770395,7.2135918991034895,8.174439722614157,0.014577342408299394,381.7856178457932,7.714199070878314
MKAILV,CCO,31.390780258941863,7.567016918659919,84.41699506037202,0.038520020781450816,133.60643590909177,4.421741047402028
MKAILV,CCO,38.78891091335837,6.857081138190536,51.54319306261455,0.021599293769938164,87.65170375795776,7.998361522376492
MKAILV,CCO,26.807666353505788,7.626203077696861,55.801142127694604,0.013242728850852748,436.609216757256,4.211598395000345
MKAILV,CCO,26.11766503437971,7.5709127187773335,17.639226967414977,0.015350843001696467,107.42826187065782,4.078651144707274
MKAILV,CCO,38.987535006369164,6.047146085423273,24.136365599663712,0.09991568694075346,40.04222232080713,3.1832036132342885
MKAILV,CCO,38.62693831241964,6.635980080182555,52.22556484974788,0.010447918586735577,48.142491042410036,7.659810542847541
MKAILV,CCO,35.171713958205,6.956456741761839,17.16189290642869,0.03827252120312124,307.74918987646595,5.799108772604709
MKAILV,CCO,30.699170091248902,7.062388516149873,14.31407925736411,0.05779219625857814,266.5795163659713,4.71122900805541
MKAILV,CCO,30.627826878245674,7.7966518557393805,6.466754336750958,0.04145823321942226,346.31326732616424,2.810192798446562
MKAILV,CCO,32.385429629474004,6.230276297278726,3.310064335977092,0.05291356800266247,482.7547960148225,9.666415180706014
MKAILV,CCO,36.57129396277851,6.58779264039752,30.36290940900903,0.07265323206512064,234.67342257478674,3.4065691762423502
MKAILV,CCO,25.21174939415932,6.436118119554387,72.7930027017074,0.058674210452247626,199.92791631930098,8.154401929103246
MKAILV,CCO,33.00307004203583,6.305497181752273,97.88420638728768,0.09864451463244242,251.64032586512081,3.122466603273735
MKAILV,CCO,38.47821313619326,7.132665388872235,3.972800926786124,0.051454505734859574,119.91989469216078,1.6279399076968506
MKAILV,CCO,28.049739617171365,6.717002467255419,3.4915351531769723,0.09087446896801375,125.87859669238034,4.820739277653022
MKAILV,CCO,39.18574247129355,7.588204093637031,33.46582334316103,0.028035396725113407,200.4967023551748,7.554706482548662
MKAILV,CCO,36.842434325641,6.821589320930106,12.68806818986553,0.02286477028173609,300.8523501657938,2.456481162463452
MKAILV,CCO,34.78752041932341,7.041008991000801,77.44100402361575,0.09427799366178397,490.52238133064964,7.710245845417048
MKAILV,CCO,34.57258602240397,6.602150013081685,19.343127233665992,0.015457223450399073,452.9115047036154,7.661422236709844
MKAILV,CCO,35.330484361480956,7.428319191743318,7.610420748141333,0.0380188831452236,106.08238175465746,4.304235090289111
MKAILV,CCO,29.789670733097743,6.453229219320897,45.27854463317171,0.02469923779828379,400.43260933252947,2.5716036418654404
MKAILV,CCO,35.19254502281158,6.713689243529635,3.1800790624694986,0.09819599034283406,112.8479079078894,8.396101280030635
MKAILV,CCO,39.9806438008984,6.161444606120427,24.4383973985865,0.04735273813382087,166.1744172758718,1.1956076672555362
MKAILV,CCO,33.82706917381474,6.008042623209757,88.2442740886374,0.06975029764799245,121.17085255518542,3.981952823096595
MKAILV,CCO,28.45812883731011,7.462404652753626,63.565287936977974,0.020513363536035365,188.4334711844222,0.9270192341337522
MKAILV,CCO,35.579360661600354,6.23672023435407,67.15032251140491,0.055092947079614235,442.4017690066482,6.7137916783863085
MKAILV,CCO,27.352325496182843,7.778412171906897,46.25183145426529,0.04126673899990155,309.845049465472,4.445585057658176
MKAILV,CCO,34.9954953375065,7.939753557981321,91.49858217735346,0.058301116902546204,369.06288749471867,4.681550605325865
MKAILV,CCO,34.42876549329729,6.664168817064462,19.198872130940092,0.08545173838431133,151.59553471627842,2.618525559543213
MKAILV,CCO,30.625649831618077,7.354395406717801,64.8903918767032,0.04269840431499299,55.25430136586706,3.4583705834076675
MKAILV,CCO,36.46678669526573,6.823476911141443,67.60334928729749,0.03244164150942054,210.45990652731288,6.8357447978273385
MKAILV,CCO,38.10459473093733,6.560231588301619,68.53283670042015,0.042756404311578636,236.1796272128217,7.987506363139579
MKAILV,CCO,28.407093250516592,7.152190870948105,32.98257601983114,0.03096822156894315,473.8363674924583,2.7076775848855315
MKAILV,CCO,31.134043737916986,7.014516549052515,26.79035579800183,0.05116634832265525,11.974361776658984,5.93545741904102
MKAILV,CCO,33.5736797561811,6.738733174749348,95.93934423953833,0.09032901436849279,345.22682396604444,1.898716785836236
MKAILV,CCO,37.83756258456193,6.437780165080013,87.20223950151347,0.013457745933473406,372.56434075727844,5.517364970057452
MKAILV,CCO,25.990297265783255,6.321291203043988,39.60947551749049,0.01740642585462826,415.4365276130732,5.964295373589605
MKAILV,CCO,35.65845600587406,7.812065866175328,26.676160102140265,0.08427817062198519,165.19257799999463,2.7323628465158922
MKAILV,CCO,38.66512366987699,7.8299884808277485,22.215316338506074,0.09103512845083137,350.5575529849047,1.8672121520365637
MKAILV,CCO,30.670012126658982,6.926073665932945,37.48637937196595,0.06374943221519354,30.07874466109413,0.5421210961423594
MKAILV,CCO,37.79222504504948,6.178797305580098,45.134174115211515,0.08145625684621491,313.94835089739945,5.937800562115443
MKAILV,CCO,34.189356750248095,7.57955010874599,80.87981542267386,0.027439697535015926,350.2153103433949,5.327501454302264
MKAILV,CCO,26.10211604077299,7.151316607190766,34.73539046292065,0.039517874006663026,52.866708839367284,8.951235685726406
MKAILV,CCO,33.89497142000525,7.370823820344179,29.733471782641153,0.01956241889767462,396.82504485999874,7.154095385075936
MKAILV,CCO,32.145395698686784,7.099112563784206,93.97782604999006,0.08567175835900455,309.3496045831025,4.971401037784503
MKAILV,CCO,28.579541977293843,7.095101039247242,95.07122477437066,0.01890229841998533,108.53708289408209,6.1608792858189165
MKAILV,CCO,27.555960231649042,6.140577659800148,2.7074885298345897,0.03157475329721514,112.70613202197029,6.030969681986337
MKAILV,CCO,37.939572311275846,6.684361951711629,8.055849261312709,0.050365294929631356,330.30011397618796,1.4805217568978821
MKAILV,CCO,25.54583939320336,6.5695160576474265,80.27567032046038,0.09374009603895651,76.25076185342932,5.073841322360226
MKAILV,CCO,25.011283178339763,7.8402792116201105,93.41856263219788,0.08426548959535449,197.70852435627938,9.377450606350672
MKAILV,CCO,31.285571407435718,7.107074160907799,69.39933468667344,0.026494537074366106,392.8613370289304,3.3861206951451353
MKAILV,CCO,29.227945306599015,6.244889411892887,16.085831009613173,0.06684171269733641,397.829216336963,3.1046537460016914
MKAILV,CCO,38.55505289624434,7.712048131129277,4.492447335071914,0.09440368931842448,356.2338795598358,3.532652154703421
MKAILV,CCO,32.082507692647404,6.149373628903573,78.83371703584785,0.08492349860548909,194.90590872926902,2.8690555531511293
MKAILV,CCO,39.6080523144276,6.787909525431533,65.3051106251755,0.03719833300536125,120.78573212758164,9.52767214009258
MKAILV,CCO,39.49903163659482,7.32102039983715,30.09810636866733,0.024700831955051173,474.6738065888777,5.236471169185246
MKAILV,CCO,35.03099800749716,7.357180981749115,21.872701387988048,0.011928860742249817,88.6752070188067,5.035460208496597
MKAILV,CCO,27.38025270502161,7.393333255083839,97.44983920444757,0.09399453892192516,281.0465685878085,5.920471949633962
MKAILV,CCO,31.26643625535496,6.842364489827509,70.42487211625952,0.019849577199467866,6.17351386750031,2.1754216447312054
MKAILV,CCO,32.988157096925804,6.961795476601739,57.31974534917427,0.08828720751942691,123.00716393656477,3.659238364342585
MKAILV,CCO,32.6726223391917,6.691609353544727,48.6767278498234,0.08179143035431025,310.28937045185035,4.747653081230813
MKAILV,CCO,35.3630899133488,7.2416757135398475,34.37033666700208,0.06725332799459452,188.94586168845518,8.73602121503499
MKAILV,CCO,36.851318988732125,6.125037763452552,68.03585054446975,0.08954535687262877,273.43673899379183,7.769313984474034
MKAILV,CCO,25.497891859821415,7.308552268375835,22.247797335284915,0.073892945174425,495.5055326305398,7.660862933175757
MKAILV,CCO,29.170557775860374,6.636841170360555,63.336800212659874,0.015883382779918125,164.12538617255933,0.7126070716357025
MKAILV,CCO,37.83668773546652,6.29118390414561,82.14257561176646,0.058393070386821594,55.236944913653176,1.6060571893682538
MKAILV,CCO,27.2330588686363,6.321276866690319,4.832662516393549,0.038627025801833956,307.2655345496916,4.269162613450331
MKAILV,CCO,31.36186746836739,7.592538880225492,29.304044854476174,0.07228936567218164,200.03932996617453,0.6529521089578785
MKAILV,CCO,39.06394941358295,7.220501335447539,61.33140667886236,0.08174095477946074,21.935761368125537,2.100398597494918
MKAILV,CCO,39.07363070995131,6.799227618497005,47.69526731034126,0.09507989697087589,93.60185811382014,6.671315466514952
MKAILV,CCO,26.458144347163543,7.743219340270134,55.05028403197725,0.02303242064497184,178.8710863550496,7.651731321628891
MKAILV,CCO,32.83120576224418,7.618782466930865,78.62606551087568,0.03945056419789388,388.4504337793548,5.79194454168644
MKAILV,CCO,31.773639588800734,7.039550271253619,51.75901990798465,0.050103610940278265,158.8278720252337,2.7376384885859193
MKAILV,CCO,26.4667767359978,6.630701177834504,47.24875056128458,0.053915682260264886,161.41674767456325,4.2240590943619765
MKAILV,CCO,28.703394019388544,6.1205707213331655,84.02434527464948,0.02200069819403137,423.1404755457772,1.6937068083117084
MKAILV,CCO,39.925431266941416,6.7800808925591305,73.90102231721801,0.07353513583609075,129.2215078988624,7.98839840421678
MKAILV,CCO,30.529387003825658,6.296330700619312,60.70183755326257,0.08237941106858812,34.588168420502754,8.360449598444996
MKAILV,CCO,31.821750622637737,6.868779672657513,85.32844432312821,0.09924022678303501,216.16255356889744,5.562667937876138
MKAILV,CCO,25.67648225407092,6.97949170362757,84.72655050730131,0.09907187983090748,71.3165607352325,3.2500026628232996
MKAILV,CCO,36.43770581025279,6.365899922720038,50.146593793153336,0.07009969192266081,114.82270670240764,2.873859561009729
MKAILV,CCO,35.52545913435743,6.90540855196154,97.24835135266379,0.07651955742414181,217.20539906322088,0.8366948664293206
MKAILV,CCO,26.584956270730736,7.591076234363895,94.00892215576545,0.04978226881792568,255.7949795258978,6.74262258505415
MKAILV,CCO,33.634700937850894,7.372009179791624,68.7255023209228,0.01550310772536369,322.2621536679852,5.696986221488792
MKAILV,CCO,35.4061532234782,6.861452929204655,56.230087642149584,0.059293308836243605,304.60270148259013,8.496883999799484
MKAILV,CCO,29.997106464032274,6.807506458778746,86.76388116836952,0.025925376928213725,445.7566546001776,4.056407247493104
MKAILV,CCO,39.30449910944625,7.174008267720936,31.024141924116954,0.06246063843269088,248.95506049705696,5.30218039780597
MKAILV,CCO,29.76466500397256,7.548715627397787,7.485739467333897,0.011507961483094152,415.6449930789476,6.1660422181168455
MKAILV,CCO,33.68610575417917,7.954493428448522,42.65477479265226,0.020286749410888677,143.22467595922313,0.40468961554826843
MKAILV,CCO,29.797514607385835,7.9908861839414875,17.787886654232455,0.09505722376743708,311.0163696552135,6.4810706487
MKAILV,CCO,38.209172269034354,7.093884668241075,36.19646221423073,0.07548095968940254,1.0759675345438144,6.496446002043167
MKAILV,CCO,37.01762735155302,7.4660030034383915,65.60091183809658,0.04850483989034773,48.869157804390504,3.568755896702262
MKAILV,CCO,36.629662897028034,7.116659906551133,84.4639827055885,0.0776478423477587,254.0398540245422,2.3988545578425966
MKAILV,CCO,35.94157165088152,6.054999286138317,18.064160847542222,0.0491344708473497,352.0482518874759,8.839874431891172
MKAILV,CCO,27.011921168245237,6.912571610588575,60.87653007160407,0.081772246514412,251.14495255332406,2.8399788697348947
MKAILV,CCO,37.33905735304181,7.221067578928336,93.72581111990279,0.05810397286511917,332.1252675661877,3.5555804645812366
MKAILV,CCO,32.34647368940466,7.172858133273221,47.98581895811349,0.08477432142024252,375.76999061214354,0.6336848838467666
MKAILV,CCO,27.16833999638948,6.724385755003441,99.77560384705329,0.07279154111924585,68.49826954832072,2.9907944396911788
MKAILV,CCO,34.520768416090334,7.327626063060881,95.89899071179671,0.08542874411637795,231.72688355250924,9.398761787853585
MKAILV,CCO,37.92325393453795,7.536711805536682,20.6018154876366,0.06333513528490581,33.851187526497995,8.193575499670228
MKAILV,CCO,31.460952787459153,6.4039742302717055,5.870668041124317,0.08293106152041083,213.04669782515862,8.39364779133092
MKAILV,CCO,25.36424432355682,7.7000284726915975,72.1204613384666,0.08008549767108651,215.83564108392056,0.19027762737437406
MKAILV,CCO,36.453337474032715,7.34564572917224,4.295354513059058,0.0649248392626586,475.43626953636397,3.6506213162958274
MKAILV,CCO,28.25088603515453,7.717997487065572,68.70784744383597,0.04642961782918309,141.01392783234735,7.384164191525616
MKAILV,CCO,25.26434881895819,6.91367148894575,18.22915567231467,0.05565928036377675,193.45485789070312,4.7065820231655975
MKAILV,CCO,30.11170243564635,7.430260382337922,46.59117248899521,0.03085699764899436,499.90838190249855,5.9137211016523334
MKAILV,CCO,32.560537697197816,6.572172878162287,88.20055474892082,0.0778699491936172,418.92201046801665,2.1818642308882668
MKAILV,CCO,34.5574394047327,6.813363191907123,82.39673980116095,0.03608256101243019,388.1830696602271,0.296792566688136
MKAILV,CCO,33.82453348422734,7.901624244709636,9.655280124839472,0.0864726022681674,103.57703545566285,8.309220453905821
MKAILV,CCO,25.12439604778216,6.484788730635803,85.1252455193379,0.08808435097513452,102.3894737698293,3.5568903919062387
MKAILV,CCO,36.49140490164832,7.526459199393085,46.45273830050034,0.07540096764648811,91.93993683823487,1.2937333912823383
MKAILV,CCO,33.45633325547498,6.716761524172884,37.8213724870848,0.04170203297382058,259.0170052219009,4.466786476538082
MKAILV,CCO,34.0285350618019,6.215796385447466,53.96702149377974,0.04425269675441466,466.0578887089693,1.5622091372331952
MKAILV,CCO,28.296089098937426,6.089215721867619,30.958603745691327,0.08335833685927206,442.71255642743927,8.72525196322303
MKAILV,CCO,28.32500111329953,7.456086217767101,64.33155925999334,0.036038005786356735,49.84374959475137,0.59668285583396
MKAILV,CCO,28.108236903804176,6.90846935506733,87.6631614961511,0.09359589006257261,273.67504404162554,1.6736313526457323
MKAILV,CCO,31.71644519948461,7.420949738134008,36.02255712398863,0.0864496710537192,248.64953183052415,3.588929728577356
MKAILV,CCO,36.940813948507056,6.060184838558586,90.51968965969833,0.04905763765494638,102.63448011060112,0.6647538097673533
MKAILV,CCO,33.621775022259,6.8855467412694615,58.835595854338784,0.08790681382293712,240.48512513881985,8.68422651390273
MKAILV,CCO,35.566911349763096,6.103411146932879,31.91785383479564,0.036972269040868734,143.28175553237853,4.161124537818998
MKAILV,CCO,32.95974393510291,6.485333477333987,32.08311665495294,0.09920847705377465,234.40207332262284,0.8625138726914249
MKAILV,CCO,31.516347674088156,7.727337896426633,2.523320861843392,0.08151410929391441,294.8792143725435,1.8377202512156876
MKAILV,CCO,29.180641238272198,6.9445316734028015,92.72595654237703,0.06141988425982221,223.421505838405,0.5341116358787108
MKAILV,CCO,36.68709812671272,7.8655933466299395,86.67792419603214,0.08328018102937737,72.34411118884769,6.329833927838601
MKAILV,CCO,39.346343759850974,6.015333610601604,33.49132807169618,0.036312733388642424,277.14708529838276,8.677521388409223
MKAILV,CCO,31.794433163249156,7.238231331902655,31.615948960750963,0.03568911951553561,301.8865079764606,1.3844822641300825
MKAILV,CCO,30.2733171710292,6.292018607898179,16.039957417655504,0.09138730812943359,265.029783284772,1.3498050780407875
MKAILV,CCO,32.40921104827628,6.936237864862673,44.47556176018199,0.08547767057690832,38.40338392141266,0.852138055230965
MKAILV,CCO,26.674158566295656,7.020142296326031,15.36540429652865,0.03676519780820904,88.33109151088698,6.62317473607354
MKAILV,CCO,38.5892490281805,6.233129187996648,2.601760395308239,0.03803613877490534,261.5188580629641,7.548587843503852
MKAILV,CCO,36.54213922170901,7.556256684948032,71.44404566172649,0.03314742063631239,211.37590465784572,9.44684925898169
MKAILV,CCO,26.597972740561875,6.955861180793357,49.93605304210591,0.01944946723328992,240.96050159549557,7.221552725535192
MKAILV,CCO,33.27520646982374,7.100281204742296,95.43060997585316,0.028894672788449573,435.9841522938246,4.0513313299922675
MKAILV,CCO,37.679828777632245,7.2401691440242395,61.10204195345168,0.04182460757899704,352.1064437042653,6.535644298853173
MKAILV,CCO,35.98065419499352,7.509928000058287,47.786595422198374,0.051101793590875515,97.97513072002862,7.282450548192526
MKAILV,CCO,37.36783795083074,6.011752709767179,90.21962396433206,0.06722583760698987,276.651599760947,1.0052348511395235
MKAILV,CCO,31.295427460478077,7.412212847327341,83.64803155684706,0.013697516682032179,178.00893522071217,9.013649665715558
MKAILV,CCO,26.60283597459064,7.83464344781515,56.92824694625905,0.04799470059778541,152.98585648327068,3.379892796939536
MKAILV,CCO,39.031206690038246,7.247205746659399,87.06460154394856,0.03415633530640602,95.97572088870687,1.56566077782403
MKAILV,CCO,35.45607379330215,6.470820039250213,68.81781529979517,0.037103850236831826,436.74526317268857,3.6294618671883545
MKAILV,CCO,37.91114163786143,7.782731551821361,11.040315358996589,0.03334659122960189,307.29833776674826,5.809779090351191
MKAILV,CCO,25.127353558038564,7.899135886300988,45.04306965797753,0.08042098913343257,310.95539989356195,5.386916654884785
MKAILV,CCO,38.726888074397564,6.914547596252756,88.71112512195529,0.038182241198104566,59.71514727854196,0.6005265930410456
MKAILV,CCO,31.33259542335283,7.676996641475752,63.008655574611986,0.033859451558108086,124.1999099127016,9.940741766196252
MKAILV,CCO,26.667917637347756,6.932978940620192,71.30133653243733,0.051894330867764196,64.39033061208903,7.022646827940629
MKAILV,CCO,32.353030395119916,6.6726717176982335,93.57416601670516,0.03318944857139213,480.7270864689815,3.8880935860037873
MKAILV,CCO,32.4974499985733,6.143626801940967,80.3315622843613,0.01572846265800977,462.3383199130742,0.7531754699266984
MKAILV,CCO,36.70475661814507,7.864025213166545,67.9120037995332,0.07522485652511901,248.30187695592412,5.326806142115887
MKAILV,CCO,31.50909071919589,6.568170173879202,68.8324940109517,0.034559346913840744,204.86360492763293,1.5884897023689344
MKAILV,CCO,34.70051692379119,6.816186087020487,86.86402623564047,0.07934598294573139,356.44040001381927,8.185659706186756
MKAILV,CCO,25.76181122552301,6.585501892965661,49.84658369995817,0.01609869252572003,372.34315064003323,7.7679655403727885
MKAILV,CCO,39.18065579529283,6.502608922086016,31.026109417347502,0.057350310828741806,260.41198887215336,8.779547010156673
MKAILV,CCO,36.140910220055,6.122547209606818,61.085278971975384,0.04926232859524546,186.4897242922513,2.7726760783664335
MKAILV,CCO,33.23394669234713,6.329317012890777,70.71064371099168,0.054724907246019756,334.145113534388,9.31103245195192
MKAILV,CCO,26.987658301664847,6.0669548349276905,98.4205944501406,0.0328693566418115,125.94185740858049,8.546987214809485
MKAILV,CCO,25.355082524789793,7.984908788779982,2.6578492197950387,0.0368486280507601,72.62784739667416,9.825056781016515
MKAILV,CCO,26.898780488119783,7.328515686219664,1.9810263010442974,0.09940471197580836,111.1311937540237,0.820883374315662
MKAILV,CCO,36.19534939104543,7.856393012237321,17.728706753093736,0.09581020989894913,399.22349277977673,0.10153485655514088
MKAILV,CCO,29.85326611557654,6.706224882802264,0.8039031953986586,0.055978946973594276,240.98877288342706,8.374613756889485
MKAILV,CCO,25.256305130274626,6.853536246446073,10.159272476789482,0.07807535522036872,496.0936109044467,2.7231884888145217
MKAILV,CCO,29.291257227822072,6.128222837623982,82.04140904373268,0.04065430171921617,250.362097996019,7.81850048192965
MKAILV,CCO,35.006076346048665,7.467371633731894,15.398237660666837,0.07603941229503032,141.74786705869442,0.3606900327665465
MKAILV,CCO,29.07123819369097,7.951272075647728,5.319925056961338,0.014831728411701231,349.62299767404204,1.2449157762237915
MKAILV,CCO,34.71797403847267,7.698609249879673,40.13590460633062,0.0364396593059464,242.39769626331324,1.727748167184375
MKAILV,CCO,26.592983967294188,7.414695961361993,94.77136349125492,0.028714393938521942,213.84651920843422,2.7005569396294415
MKAILV,CCO,30.86654717307393,7.07581157657664,94.55056483480111,0.03342524243344018,159.03059653803086,5.613378028345889
MKAILV,CCO,34.937038546586436,7.826767267309797,88.1668340491901,0.07381947017778193,467.6973224458535,7.711209347396085
MKAILV,CCO,26.601943288118395,6.758804991610388,18.40291009947509,0.07978248098261874,355.52614243716573,2.578173550872686
MKAILV,CCO,31.533276453741983,6.885892559374558,98.40269723208415,0.0754327755207762,307.6175878922787,0.6480494249597442
MKAILV,CCO,29.84548738762338,6.047800910770962,17.995241613557944,0.06415419874270585,266.10479934321097,6.740234145075765
MKAILV,CCO,39.13537164972525,7.298118542563555,51.27578296377104,0.023714022220323736,108.87044357058069,5.905065534023035
MKAILV,CCO,36.228594969298065,7.050761469672892,94.13886895513319,0.07677505666141189,327.69883238987677,5.380199051284278
MKAILV,CCO,25.916331849591064,6.890492229072695,55.16362578564992,0.0957868790489856,227.72619946456186,5.39711339087214
MKAILV,CCO,30.450535196015995,7.8608224887442795,90.39724775452818,0.01834968875813044,479.6215431886651,4.877007819515429
MKAILV,CCO,35.264853518874155,7.555639371453254,50.321758354496524,0.028292574367273227,355.89599620932495,5.404289955876149
MKAILV,CCO,31.38532916514186,7.127919987847273,3.7162435828638096,0.09935813565743441,300.7293288981925,1.8084212962045478
MKAILV,CCO,29.52185234911412,6.182228225364884,31.04224744158135,0.08404333558538168,456.1251420735381,2.301715426279365
MKAILV,CCO,26.4170389797919,7.126189392396183,5.467862337054086,0.03638311569135106,468.50558459177313,4.688701020129791
MKAILV,CCO,33.083765863752056,7.828558619187353,93.37914353705393,0.04782964095523241,267.2333684643567,2.2285367548077595
MKAILV,CCO,37.88638298001598,7.42325614641064,39.40512891215688,0.09740718462403179,470.69250854188147,3.795212030658276
MKAILV,CCO,32.70204455939332,7.13306416812734,89.09506580247353,0.06328867459150342,24.01599936912657,3.260360199625124
MKAILV,CCO,34.08347833043704,6.619837209063151,27.29607211090691,0.08996685647683975,95.76754472706156,6.139855698356658
MKAILV,CCO,31.01726034186763,7.42289789110973,3.322950467165997,0.012849913268988643,362.1513956569173,8.217616582883608
MKAILV,CCO,36.43753443637071,7.196874334022967,70.51302305827302,0.025091750753912862,243.67267376947316,0.7258939359904099
MKAILV,CCO,25.474636462684007,6.940758084123889,1.6753287994023536,0.017220402004602276,13.439466784798348,1.4183461873646313
MKAILV,CCO,35.43328710862638,7.10583514061426,84.85223969097429,0.04305168464976342,188.74280367004692,8.438955258645194
MKAILV,CCO,29.207425302791563,7.685531370501677,19.017911708731727,0.030654736891644913,261.46338058637974,6.203064824547103
MKAILV,CCO,39.29786889797692,7.004805583885435,96.08574870424384,0.0762759321609991,477.85395083250495,2.4993591881618826
MKAILV,CCO,35.054704888648466,6.382445489012859,85.25509401391031,0.08167236633526469,55.46077509693041,5.699959472429346
MKAILV,CCO,31.006503952365865,7.3766517975588215,67.37043382370116,0.02040844447118133,292.41940647913464,5.8970295981962755
MKAILV,CCO,25.02014043638156,7.002635963495081,76.24029421536859,0.0318290459906029,463.2117726162365,9.313336672675145
MKAILV,CCO,30.35272221072169,7.519494537268862,39.463369954442825,0.07244991500305739,69.11812159122879,2.405237373581509
MKAILV,CCO,38.69065611268767,7.2910693772220645,70.13765126819274,0.06165880476055539,207.53505553154938,1.0940153271509652
MKAILV,CCO,28.850368921879838,7.4588684515199475,4.291787117600232,0.06121187542097531,332.472476183259,9.347130508798578
MKAILV,CCO,30.45048881350429,7.0078672727011995,55.033627410179164,0.025320314389417797,209.33488049695526,3.575409372677967
MKAILV,CCO,36.65392220328128,6.527903109836824,36.2055820653735,0.07327932148175514,346.5136682908146,7.157084518991912
MKAILV,CCO,37.385025679617236,7.248980814060339,43.14677942036157,0.08710368502083897,201.15931054049238,6.454356585676078
MKAILV,CCO,27.114786919615568,6.228893911172073,57.249022279099535,0.022223810719381898,352.1944625048574,0.4395310164698492
MKAILV,CCO,27.220189955575343,6.400979731881807,3.152358035556002,0.07739522223582945,32.037737485899754,1.8229456109966127
MKAILV,CCO,37.524713758934865,6.939187985430686,90.87020359354547,0.05386972602601828,257.0839599237152,2.7431491268649983
MKAILV,CCO,35.21204493743788,6.341278658301916,53.363885375883555,0.033824152746759026,53.79890176389474,8.007866775962233
MKAILV,CCO,26.60298745230243,7.6106146167133435,39.46540971685929,0.03725435185531811,252.0705129497077,5.446508812811143
MKAILV,CCO,39.58268090897625,6.552785533791424,35.756945803110064,0.07226703443033064,79.65488160127444,8.573694918964783
MKAILV,CCO,32.36776455321345,7.474992250962652,58.21806237710284,0.079087096618629,17.36663041302144,9.430132744630201
MKAILV,CCO,38.28564184812297,6.004424109081125,51.41425750116325,0.053407742133520675,370.8074252168372,3.2146303467240376
MKAILV,CCO,35.88532155907101,6.015176292130438,84.78742224481893,0.032255466506324736,490.2407803138125,9.753147665412346
MKAILV,CCO,39.668795276749584,6.294259229472648,4.847129612278767,0.07647526798547348,129.00229970018307,0.5832824388898433
MKAILV,CCO,25.72851230861663,7.185120414788568,90.31003095829038,0.011230897372813112,138.7416407553749,9.597647653394368
MKAILV,CCO,32.163056175043224,7.955830928578196,72.7807795294532,0.04348060176828875,471.7390680832133,5.457095387954006
MKAILV,CCO,36.25782591928261,6.681159606825729,20.8187669958921,0.012622448506030726,364.71662807461405,9.61553028558812
MKAILV,CCO,25.5117921898595,7.152992544132929,38.28935857509984,0.019964680096486866,286.3256772379964,1.6521191338069456
MKAILV,CCO,39.941655149478756,7.1771484516423785,96.58782524070205,0.08702822462684329,110.26324534795465,3.2221984208915693
MKAILV,CCO,33.931268637588396,7.832066086836583,35.636495940693145,0.029516678490734923,277.7616221544738,1.1325825188262408
MKAILV,CCO,31.34851821962288,6.112126957124277,49.036305794264436,0.061589093707289315,431.980847123664,0.4691167838264473
MKAILV,CCO,27.073135609360385,7.085488699719112,3.5680931819671136,0.020056951629879492,78.75793514795237,8.246988400959598
MKAILV,CCO,38.94638483382807,6.650062237271316,59.20639850559485,0.08401598184611836,200.6706408189807,1.6875551653607521
MKAILV,CCO,36.74801058560179,7.649965758189771,46.868625696109355,0.046452069905629806,499.79367127263265,6.089344107523365
MKAILV,CCO,36.60615816021163,6.454552686295745,34.69520601984619,0.05062242468219806,347.7075565791155,2.5957485039767216
MKAILV,CCO,28.368271309086083,7.696696627114226,28.69703764045163,0.06929271652205998,290.6054229215547,8.288224973324592
MKAILV,CCO,29.337404889197643,7.117350022281345,20.484548167844498,0.07710677970418651,424.10541495390567,1.9621130071305692
MKAILV,CCO,25.15415227312075,7.757365094215098,65.03049235763807,0.06879916883722127,331.50747355790725,3.2577488001647774
MKAILV,CCO,35.415851474226365,7.059841505962005,99.09241783002739,0.023417195951156062,39.40426921933821,3.93098004154141
MKAILV,CCO,38.61053714534703,6.39989611312142,31.880646430411076,0.06504088774887944,262.8207770872984,8.854421045177755
MKAILV,CCO,35.13431258351313,6.857492268522497,43.92302875596658,0.05858007946940565,197.03387504161674,7.693135464133587
MKAILV,CCO,33.029867320188266,7.272407072397137,50.96743753435553,0.08408721149813604,37.7715144292543,8.922769030650008
MKAILV,CCO,27.64260605951782,7.764850668161117,65.44068731536758,0.08238113843996864,239.19730098987827,4.381680075999406
MKAILV,CCO,37.83757335770623,6.2057462705369435,62.79966985548887,0.08560357133843717,386.7161906820672,8.940001401429292
MKAILV,CCO,26.33214682314267,7.790935068553242,19.622945148929894,0.0278997507769716,1.2044913883103363,8.300663887408925
MKAILV,CCO,25.26559250542772,7.853414006193421,42.011778785393425,0.04447376888481826,387.1542759209224,2.866621009549951
MKAILV,CCO,30.10669310135112,7.8905887710677,31.359376421114316,0.0791716986566256,32.74694700388769,8.023899269282273
MKAILV,CCO,25.393119159983222,7.5410359013957535,3.5809691236607266,0.09229886407779324,173.47924747749002,7.00787451909742
MKAILV,CCO,37.42749324657663,7.76882348924155,12.857677419083336,0.014634646201630219,149.54595417032607,9.603839796971055
MKAILV,CCO,33.649822969255666,7.118527764543045,18.27944305365916,0.07727270571942951,218.45648255613088,8.25719241783489
MKAILV,CCO,29.829560181115866,6.5211736030083145,2.4097827491635915,0.029453225517884242,487.55684510505245,3.574675113278012
MKAILV,CCO,28.218151260938832,6.625903625852785,94.86804340844208,0.05445956138739367,327.48659662303413,0.5569852824696722
MKAILV,CCO,37.53474340573997,7.192296663005371,62.66379812852851,0.057035608788093946,13.367236660165947,2.7838708874026064
MKAILV,CCO,29.24666682338769,6.031256270578088,34.85692777675512,0.04212027314253784,286.44148405118113,4.097559484678337
MKAILV,CCO,34.20506838757199,7.428338552598691,79.22161269874522,0.06441939147701814,413.8244986531877,3.664307527924304
MKAILV,CCO,30.162918822647807,7.817948914061126,82.9756427524624,0.043735009449982265,33.29852835894887,3.663274537530597
MKAILV,CCO,26.181313401600814,7.9256656408147315,92.15047612939343,0.05148246880541372,8.71220264377017,4.490403800555784
MKAILV,CCO,32.87674196390907,6.100082520166725,28.282113156097864,0.06967360566940457,88.98803037528808,0.19670561137482673
MKAILV,CCO,30.463823654584125,7.932619747216696,30.30442485683723,0.03657026291248896,103.11916130180177,3.244794995447213
MKAILV,CCO,39.056714733673765,7.8460546508618645,53.04757052874086,0.023125111003353203,286.16903901669497,3.9434211092289275
MKAILV,CCO,32.87772444667804,6.259790272557694,76.7177085908937,0.05709101485383816,280.0356293305766,7.497579629859406
MKAILV,CCO,29.20559378533213,7.879292831437997,92.83733826560577,0.09498712250410672,108.38022650280062,0.5860574662953673
MKAILV,CCO,25.697130619963975,7.038784685367532,32.28283625221703,0.042333677220146346,367.8056545241117,6.92263053485674
MKAILV,CCO,34.86371660355549,6.185130033325688,46.21959709511193,0.033140966114857576,433.43788264896085,9.594031545406704
MKAILV,CCO,38.52910893133766,6.647449373023757,14.277623157379171,0.04983056852936568,63.60569762404383,0.909896461604725
MKAILV,CCO,29.96278241524717,6.860205416408013,55.989793824442444,0.07150945913374283,87.30184655309112,9.352034457367113
MKAILV,CCO,37.718705833569004,7.512415348290139,63.80006126289306,0.09728975911765735,26.218062766221074,9.820926307546468
MKAILV,CCO,25.78475280642371,6.234487732882381,4.7869829122107355,0.014319868056705924,191.16518781411824,7.054377231007867
MKAILV,CCO,26.23660362721931,7.2506168490241265,41.08026900825379,0.07427207940001673,156.37286112712803,1.3061463003791982
MKAILV,CCO,29.746227633446637,6.401449855526915,43.60717797419945,0.09391238398174827,197.8655732330481,9.027347288109862
MKAILV,CCO,25.85709453224454,7.795951698478973,14.606717660382929,0.09331936238030678,166.88822892980434,4.748880183575142
MKAILV,CCO,36.06868973330804,7.9624536491272355,66.45328035278386,0.025489240656871765,497.08762604024196,0.7975635877149004
MKAILV,CCO,38.193106036555854,7.527956092932824,8.0823416273466,0.03805954091588984,460.98765854913654,1.0151090806288372
MKAILV,CCO,28.801030944098255,7.448864315577532,73.88514954209097,0.09038512861320355,78.41973230841141,5.477120489099482
MKAILV,CCO,36.91979910826932,7.921565509161227,80.722340344589,0.027386462391099913,233.99836099246838,0.23069748787482966
MKAILV,CCO,32.33198183237062,6.726705317793381,8.694766352483063,0.054972174388920415,116.75538459592323,5.274384327444334
MKAILV,CCO,25.580857450321187,7.592583371320151,44.73367603819679,0.09217902630596561,300.7236090997008,1.6945393662042185
MKAILV,CCO,34.2694682485687,6.7721739039678726,16.836815898503875,0.06650313687040345,113.71712073339074,8.541028338498828
MKAILV,CCO,38.23011423586258,6.285700038180114,18.118023899989154,0.0902524332040045,328.6507639659244,9.142769196189706
MKAILV,CCO,29.484079533367318,7.859927975958403,63.604389994779055,0.021008220890733908,168.90822817669854,1.8494808876191802
MKAILV,CCO,31.919331441204477,6.107346153122325,92.00448161115898,0.07345098624814274,27.783297086856198,0.12845211232651624
MKAILV,CCO,35.83089822387888,7.696444283430072,19.10542988072441,0.09043880690819468,370.148331617606,2.7196850451408023
MKAILV,CCO,34.7813558124198,6.779687710837358,87.94461339537621,0.09909982196620644,241.8242315331084,6.234144376653921
MKAILV,CCO,26.198242691136056,6.846747870316894,23.284381379606966,0.04997092211205785,292.5492604288281,8.931075096247895
MKAILV,CCO,39.92891478109048,7.800589377716002,19.043621801154288,0.07197183174015674,197.47300446614386,0.1487462841207852
MKAILV,CCO,37.32787717261591,7.541874961959368,71.18084477099227,0.046322413475014805,30.282001336211213,8.077823696266142
MKAILV,CCO,32.23389965616701,7.647238879219017,59.43168321262052,0.04780234191678296,357.9693466613574,6.296373232362446
MKAILV,CCO,30.183028299485446,7.7459122695457925,56.3278856241788,0.019945337196489714,274.2638653137662,0.5393057472056256
MKAILV,CCO,32.981566775888076,7.788845760764402,3.555651027046125,0.05062974053303247,453.73553096698845,5.260562003761853
MKAILV,CCO,33.0269592274433,6.056091935542654,47.56910907487336,0.08407641037838967,237.41268300101163,5.007796080361648
MKAILV,CCO,33.946781320911434,7.295462616021491,50.985495021951635,0.03926354023292318,173.41636619716488,7.106781648488835
MKAILV,CCO,26.66346298786618,6.460732281718097,85.7765525139528,0.06843543317872901,164.24661884013642,2.3842990159545354
MKAILV,CCO,36.16978867972505,7.572148601084027,87.32031700172206,0.04950706331608566,291.84565184015236,3.6659374353362164
MKAILV,CCO,27.403412225458634,6.984606875939951,57.11926954392694,0.010392628770829164,95.32546299416094,1.7847642587956176
MKAILV,CCO,34.08004415172174,7.019635162144226,32.397925707082464,0.03120400568117181,9.927074748416238,3.719478914514079
MKAILV,CCO,35.29093253915706,7.663130374847772,23.847433033216337,0.04974523261454525,482.19987455893954,0.5275173875208556
MKAILV,CCO,36.07839286513801,6.025495357797613,36.56391024749496,0.07011200315269599,185.06596511955294,0.4396906169088285
MKAILV,CCO,31.64379070971274,7.5992564155710625,55.410845907948314,0.09716586740274304,297.08300808798083,5.663715839627966
MKAILV,CCO,33.176991243032454,6.869863520240966,34.384505523573026,0.013232194255176735,243.5384609891763,8.56994290504709
MKAILV,CCO,34.85710696871152,7.695716852485149,59.734194889852745,0.08017851396295396,282.89032042951425,9.393745987142651
MKAILV,CCO,29.872738985517532,6.03059991742488,47.994620290306955,0.014217577239827417,460.610943304018,6.194370130782887
MKAILV,CCO,28.601477207837135,7.468660564109969,51.205444697766445,0.013588290806681351,474.31163534881813,5.3213189499663835
MKAILV,CCO,26.237177125675096,6.33725403196375,38.99298000043648,0.07172154033102256,265.0996694111361,8.916424969236143
MKAILV,CCO,39.077562648863406,6.716084935075807,93.70278908067206,0.026011976574575074,130.43626741776373,1.104431651571544
MKAILV,CCO,29.04962360731034,6.104647347228511,46.37856935951441,0.036821429682108046,366.43611514886896,4.77419821247947
MKAILV,CCO,34.336965426409314,6.554847116919799,37.69789526708942,0.057233934051581954,298.90735278512386,9.144605384634017
MKAILV,CCO,35.50547924864184,6.610561644081761,40.85649712592259,0.0634028379616956,196.42544612479696,3.5454695547228257
MKAILV,CCO,35.727621059856645,6.0954668622501975,31.873167986590765,0.010072726553604373,394.88860962320587,6.611569508803853
MKAILV,CCO,30.10368643775378,6.732920662972559,82.86197716801057,0.06117080018706233,422.60045716753405,0.23020340433903944
